id,ident,name,lat,lon,country,municipality
2050,KBL,Hamid Karzai International Airport,34.565899,69.212303,Afghanistan,Kabul
1190,TIA,Tirana International Airport Mother Teresa,41.4146995544,19.7206001282,Albania,Tirana
231,ORN,Es Senia Airport,35.6239013672,-0.6211829781529999,Algeria,Oran
210,ALG,Houari Boumediene Airport,36.691001892089844,3.215409994125366,Algeria,Algier
1970,PPG,Pago Pago International Airport,-14.3310003281,-170.710006714,American Samoa,Pago Pago
951,LAD,Quatro de Fevereiro Airport,-8.85837,13.2312,Angola,Luanda
2900,AXA,Clayton J Lloyd International Airport,18.2048,-63.055099,Anguilla,The Valley
2661,TNM,Teniente Rodolfo Marsh Martin Base,-62.1907997131,-58.9866981506,Antarctica,Isla Rey Jorge
2874,ANU,V.C. Bird International Airport,17.1367,-61.792702,Antigua and Barbuda,Antigua
3988,EZE,Ministro Pistarini International Airport,-34.8222,-58.5358,Argentina,Buenos Aires
2452,MDZ,El Plumerillo Airport,-32.8316993713,-68.7929000854,Argentina,Mendoza
2443,COR,Ingeniero Ambrosio Taravella Airport,-31.323601,-64.208,Argentina,Cordoba
2440,ROS,Islas Malvinas Airport,-32.9036,-60.785,Argentina,Rosario
2442,AEP,Jorge Newbery Airpark,-34.5592,-58.4156,Argentina,Buenos Aires
2471,IGR,Cataratas Del Iguazú International Airport,-25.737301,-54.4734,Argentina,Iguazu Falls
2477,JUJ,Gobernador Horacio Guzman International Airport,-24.392799,-65.097801,Argentina,Jujuy
2495,RGA,Hermes Quijada International Airport,-53.7777,-67.7494,Argentina,Rio Grande
2476,SLA,Martin Miguel De Guemes International Airport,-24.856000900299996,-65.4861984253,Argentina,Salta
2469,RES,Resistencia International Airport,-27.45,-59.0561,Argentina,Resistencia
8914,RHD,Termas de Río Hondo international Airport,-27.4966,-64.93595,Argentina,Rio Hondo
2508,MDQ,Ástor Piazzola International Airport,-37.9342,-57.5733,Argentina,Mar Del Plata
3964,EVN,Zvartnots International Airport,40.1473007202,44.3959007263,Armenia,Yerevan
2895,AUA,Queen Beatrix International Airport,12.5014,-70.015198,Aruba,Oranjestad
3341,ADL,Adelaide International Airport,-34.945,138.531006,Australia,Adelaide
3320,BNE,Brisbane International Airport,-27.384199142456055,153.11700439453125,Australia,Brisbane
3322,CNS,Cairns International Airport,-16.885799408,145.755004883,Australia,Cairns
3355,CBR,Canberra International Airport,-35.30690002441406,149.19500732421875,Australia,Canberra
3999,DRW,Darwin International Airport,-12.41469955444336,130.8769989013672,Australia,Darwin
3336,HBA,Hobart International Airport,-42.836101532,147.509994507,Australia,Hobart
3339,MEL,Melbourne International Airport,-37.673302,144.843002,Australia,Melbourne
3351,PER,Perth International Airport,-31.94029998779297,115.96700286865234,Australia,Perth
3361,SYD,Sydney Kingsford Smith International Airport,-33.94609832763672,151.177001953125,Australia,Sydney
3332,AVV,Avalon Airport,-38.039398,144.468994,Australia,Avalon
3321,OOL,Gold Coast Airport,-28.1644001007,153.505004883,Australia,Coolangatta
3325,MCY,Sunshine Coast Airport,-26.6033,153.091003,Australia,Maroochydore
3330,TSV,Townsville Airport,-19.252500534057617,146.76499938964844,Australia,Townsville
4319,BME,Broome International Airport,-17.944700241088867,122.23200225830078,Australia,Broome
1613,VIE,Vienna International Airport,48.110298156738,16.569700241089,Austria,Vienna
1610,INN,Innsbruck Airport,47.260201,11.344,Austria,Innsbruck
1612,SZG,Salzburg Airport,47.793300628699996,13.0043001175,Austria,Salzburg
2922,GYD,Heydar Aliyev International Airport,40.467498779296875,50.04669952392578,Azerbaijan,Baku
8775,GBB,Gabala International Airport,40.826667,47.7125,Azerbaijan,Qabala
8774,LLK,Lankaran International Airport,38.746398925799994,48.8180007935,Azerbaijan,Lankaran
8776,ZTU,Zaqatala International Airport,41.562222,46.667221,Azerbaijan,Zaqatala
1953,NAS,Lynden Pindling International Airport,25.0389995575,-77.46620178219999,Bahamas,Nassau
1948,FPO,Grand Bahama International Airport,26.5587005615,-78.695602417,Bahamas,Freeport
2057,BAH,Bahrain International Airport,26.27079963684082,50.63359832763672,Bahrain,Bahrain
3076,DAC,Hazrat Shahjalal International Airport,23.843347,90.397783,Bangladesh,Dhaka
3074,ZYL,Osmany International Airport,24.963199615478516,91.8667984008789,Bangladesh,Sylhet Osmani
3069,CGP,Shah Amanat International Airport,22.24959945678711,91.81330108642578,Bangladesh,Chittagong
2875,BGI,Sir Grantley Adams International Airport,13.0746002197,-59.4925003052,Barbados,Bridgetown
2954,MSQ,Minsk National Airport,53.882499694824,28.030700683594,Belarus,Minsk 2
302,BRU,Brussels Airport,50.901401519800004,4.48443984985,Belgium,Brussels
304,CRL,Brussels South Charleroi Airport,50.459202,4.45382,Belgium,Charleroi
310,OST,Ostend-Bruges International Airport,51.198898315399994,2.8622200489,Belgium,Ostend
1957,BZE,Philip S. W. Goldson International Airport,17.539100646972656,-88.30819702148438,Belize,Belize City
245,COO,Cadjehoun Airport,6.357230186462402,2.384350061416626,Benin,Cotonou
4069,BDA,L.F. Wade International International Airport,32.36399841308594,-64.67870330810547,Bermuda,Bermuda
3155,PBH,Paro Airport,27.403200149499998,89.42459869380001,Bhutan,Thimphu
2762,LPB,El Alto International Airport,-16.5132999420166,-68.19229888916016,Bolivia,La Paz
2759,CBB,Jorge Wilsterman International Airport,-17.421100616455078,-66.1771011352539,Bolivia,Cochabamba
2771,VVI,Viru Viru International Airport,-17.6448,-63.135399,Bolivia,Santa Cruz
1646,SJJ,Sarajevo International Airport,43.82460021972656,18.331499099731445,Bosnia and Herzegovina,Sarajevo
5794,BNX,Banja Luka International Airport,44.94139862060547,17.297500610351562,Bosnia and Herzegovina,Banja Luka
1645,OMO,Mostar International Airport,43.282901763916016,17.84589958190918,Bosnia and Herzegovina,Mostar
6947,TZL,Tuzla International Airport,44.45869827270508,18.72480010986328,Bosnia and Herzegovina,Null
881,GBE,Sir Seretse Khama International Airport,-24.555201,25.9182,Botswana,Gaberone
2564,GRU,Guarulhos - Governador André Franco Montoro International Airport,-23.435556411743164,-46.47305679321289,Brazil,Sao Paulo
2621,SSA,Deputado Luiz Eduardo Magalhães International Airport,-12.9086112976,-38.3224983215,Brazil,Salvador
2551,MAO,Eduardo Gomes International Airport,-3.0386099815368652,-60.04970169067383,Brazil,Manaus
2597,NAT,Governador Aluízio Alves International Airport,-5.768056,-35.376111,Brazil,Natal
2610,REC,Guararapes - Gilberto Freyre International Airport,-8.126489639282227,-34.92359924316406,Brazil,Recife
2555,FLN,Hercílio Luz International Airport,-27.670278549194336,-48.5525016784668,Brazil,Florianopolis
2559,FOR,Pinto Martins International Airport,-3.776279926300049,-38.53260040283203,Brazil,Fortaleza
2531,BSB,Presidente Juscelino Kubistschek International Airport,-15.86916732788086,-47.920833587646484,Brazil,Brasilia
2560,GIG,Rio Galeão – Tom Jobim International Airport,-22.8099994659,-43.2505569458,Brazil,Rio De Janeiro
2537,CNF,Tancredo Neves International Airport,-19.62444305419922,-43.97194290161133,Brazil,Belo Horizonte
2526,BEL,Val de Cans/Júlio Cezar Ribeiro International Airport,-1.3792500495900002,-48.4762992859,Brazil,Belem
2578,VCP,Viracopos International Airport,-23.0074005127,-47.1344985962,Brazil,Campinas
2545,CWB,Afonso Pena Airport,-25.5284996033,-49.1758003235,Brazil,Curitiba
2618,CGH,Congonhas Airport,-23.626110076904297,-46.65638732910156,Brazil,Sao Paulo
2638,VIX,Eurico de Aguiar Salles Airport,-20.258057,-40.286388,Brazil,Vitoria
2599,POA,Salgado Filho Airport,-29.994400024414062,-51.1713981628418,Brazil,Porto Alegre
2554,IGU,Cataratas International Airport,-25.600278854370117,-54.48500061035156,Brazil,Foz Do Iguacu
2544,CMG,Corumbá International Airport,-19.0119438171,-57.6713905334,Brazil,Corumba
2603,PET,João Simões Lopes Neto International Airport,-31.718399,-52.327702,Brazil,Pelotas
2616,SLZ,Marechal Cunha Machado International Airport,-2.585360050201416,-44.234100341796875,Brazil,Sao Luis
2595,NVT,Ministro Victor Konder International Airport,-26.879999,-48.651402,Brazil,Navegantes
2575,JPA,Presidente Castro Pinto International Airport,-7.145833015440001,-34.9486122131,Brazil,Joao Pessoa
895,NKW,Diego Garcia Naval Support Facility,-7.31327,72.411102,British Indian Ocean Territory,Diego Garcia Island
2903,EIS,Terrance B. Lettsome International Airport,18.444799423217773,-64.54299926757812,British Virgin Islands,Tortola
3272,BWN,Brunei International Airport,4.944200038909912,114.9280014038086,Brunei,Bandar Seri Begawan
1194,SOF,Sofia Airport,42.696693420410156,23.411436080932617,Bulgaria,Sofia
1196,VAR,Varna Airport,43.232101,27.8251,Bulgaria,Varna
246,OUA,Ouagadougou Airport,12.3532,-1.51242,Burkina Faso,Ouagadougou
3222,MDL,Mandalay International Airport,21.702199935913086,95.97789764404297,Burma,Mandalay
3239,RGN,Yangon International Airport,16.907300949099998,96.1332015991,Burma,Yangon
6949,NYT,Naypyidaw Airport,19.623501,96.200996,Burma,Naypyidaw
1120,BJM,Bujumbura International Airport,-3.3240199089050293,29.318500518798828,Burundi,Bujumbura
3034,PNH,Phnom Penh International Airport,11.546600341796875,104.84400177001953,Cambodia,Phnom-penh
3035,REP,Siem Reap International Airport,13.410699844400002,103.81300354,Cambodia,Siem-reap
897,DLA,Douala International Airport,4.0060801506,9.719479560849999,Cameroon,Douala
4161,NSI,Yaoundé Nsimalen International Airport,3.722559928894043,11.553299903869629,Cameroon,Yaounde
904,YAO,Yaoundé Airport,3.8360400199890137,11.523500442504883,Cameroon,Yaounde
901,GOU,Garoua International Airport,9.33588981628418,13.370100021362305,Cameroon,Garoua
193,YYZ,Lester B. Pearson International Airport,43.6772003174,-79.63059997559999,Canada,Toronto
178,YYC,Calgary International Airport,51.113899231,-114.019996643,Canada,Calgary
49,YEG,Edmonton International Airport,53.309700012200004,-113.580001831,Canada,Edmonton
73,YHZ,Halifax / Stanfield International Airport,44.8807983398,-63.5085983276,Canada,Halifax
146,YUL,Montreal / Pierre Elliott Trudeau International Airport,45.4706001282,-73.7407989502,Canada,Montreal
100,YOW,Ottawa Macdonald-Cartier International Airport,45.3224983215332,-75.66919708251953,Canada,Ottawa
111,YQB,Quebec Jean Lesage International Airport,46.7911,-71.393303,Canada,Quebec
120,YQR,Regina International Airport,50.43190002441406,-104.66600036621094,Canada,Regina
166,YXE,Saskatoon John G. Diefenbaker International Airport,52.170799255371094,-106.69999694824219,Canada,Saskatoon
189,YYT,St. John's International Airport,47.618598938,-52.7518997192,Canada,St. John's
156,YVR,Vancouver International Airport,49.193901062,-123.183998108,Canada,Vancouver
184,YYJ,Victoria International Airport,48.646900177,-123.426002502,Canada,Victoria
160,YWG,Winnipeg / James Armstrong Richardson International Airport,49.909999847399995,-97.2398986816,Canada,Winnipeg
90,YMM,Fort McMurray Airport,56.653301239,-111.222000122,Canada,Fort Mcmurray
196,YZF,Yellowknife Airport,62.462799072265625,-114.44000244140625,Canada,Yellowknife
117,YQM,Greater Moncton International Airport,46.11220169067383,-64.67859649658203,Canada,Moncton
70,YHM,John C. Munro Hamilton International Airport,43.173599243199995,-79.93499755859999,Canada,Hamilton
87,YLW,Kelowna International Airport,49.9561004639,-119.377998352,Canada,Kelowna
93,YMX,Montreal International (Mirabel) Airport,45.679501,-74.038696,Canada,Montreal
176,YXY,Whitehorse / Erik Nielsen International Airport,60.7095985413,-135.067001343,Canada,Whitehorse
1102,SID,Amílcar Cabral International Airport,16.7414,-22.9494,Cape Verde,Amilcar Cabral
1926,GCM,Owen Roberts International Airport,19.292800903299998,-81.3576965332,Cayman Islands,Georgetown
888,BGF,Bangui M'Poko International Airport,4.39847993850708,18.518800735473633,Central African Republic,Bangui
999,NDJ,N'Djamena International Airport,12.1337,15.034,Chad,N'djamena
2650,SCL,Comodoro Arturo Merino Benítez International Airport,-33.393001556396484,-70.78579711914062,Chile,Santiago
2651,ANF,Andrés Sabella Gálvez International Airport,-23.444501,-70.445099,Chile,Antofagasta
3370,CAN,Guangzhou Baiyun International Airport,23.39240074157715,113.29900360107422,China,Guangzhou
3406,PVG,Shanghai Pudong International Airport,31.143400192260742,121.80500030517578,China,Shanghai
3364,PEK,Beijing Capital International Airport,40.080101013183594,116.58499908447266,China,Beijing
10209,PKX,Beijing Daxing International Airport,39.509945,116.41092,China,Beijing
3393,CKG,Chongqing Jiangbei International Airport,29.719200134277344,106.64199829101562,China,Chongqing
3386,HGH,Hangzhou Xiaoshan International Airport,30.22949981689453,120.43399810791016,China,Hangzhou
3382,KMG,Kunming Changshui International Airport,25.1019444,102.9291667,China,Kunming
3391,SHA,Shanghai Hongqiao International Airport,31.197900772094727,121.33599853515625,China,Shanghai
3374,SZX,Shenzhen Bao'an International Airport,22.639299392700195,113.81099700927734,China,Shenzhen
3379,XIY,Xi'an Xianyang International Airport,34.447102,108.751999,China,Xi'an
3371,CSX,Changsha Huanghua International Airport,28.189199447599997,113.220001221,China,Changcha
3395,CTU,Chengdu Shuangliu International Airport,30.578500747680664,103.9469985961914,China,Chengdu
3385,FOC,Fuzhou Changle International Airport,25.935100555419922,119.66300201416016,China,Fuzhou
4120,HAK,Haikou Meilan International Airport,19.934900283813477,110.45899963378906,China,Haikou
3389,HFE,Hefei Luogang International Airport,31.780000686645508,117.2979965209961,China,Hefei
4030,SYX,Sanya Phoenix International Airport,18.302900314331055,109.41200256347656,China,Sanya
3368,TSN,Tianjin Binhai International Airport,39.124401092499994,117.346000671,China,Tianjin
6392,WNZ,Wenzhou Longwan International Airport,27.912201,120.851997,China,Wenzhou
3376,WUH,Wuhan Tianhe International Airport,30.7838,114.208,China,Wuhan
3383,XMN,Xiamen Gaoqi International Airport,24.54400062561035,118.12799835205078,China,Xiamen
3375,CGO,Zhengzhou Xinzheng International Airport,34.519699096699995,113.841003418,China,Zhengzhou
3399,URC,Ürümqi Diwopu International Airport,43.907100677490234,87.47419738769531,China,Urumqi
3378,LHW,Lanzhou Zhongchuan Airport,36.5152015686,103.620002747,China,Lanzhou
3390,TAO,Liuting Airport,36.2661018372,120.374000549,China,Qingdao
3394,KWE,Longdongbao Airport,26.53849983215332,106.8010025024414,China,Guiyang
3388,NKG,Nanjing Lukou Airport,31.742000579833984,118.86199951171875,China,Nanjing
3373,NNG,Nanning Wuxu Airport,22.608299255371094,108.1719970703125,China,Nanning
3400,HRB,Taiping Airport,45.6234016418457,126.25,China,Harbin
4144,SHE,Taoxian Airport,41.639801025390625,123.48300170898438,China,Shenyang
4108,TNA,Yaoqiang Airport,36.857200622558594,117.21600341796875,China,Jinan
3404,DLC,Zhoushuizi Airport,38.9656982421875,121.53900146484375,China,Dalian
6345,HET,Baita International Airport,40.851398,111.823997,China,Hohhot
10160,ERL,Erenhot Saiwusu International Airport,43.4225,112.096667,China,Erenhot
3372,KWL,Guilin Liangjiang International Airport,25.21809959411621,110.03900146484375,China,Guilin
4302,SWA,Jieyang Chaoshan International Airport,23.552,116.5033,China,Shantou
3402,MDG,Mudanjiang Hailang International Airport,44.5241012573,129.569000244,China,Mudanjiang
3384,KHN,Nanchang Changbei International Airport,28.864999771118164,115.9000015258789,China,Nanchang
3387,NGB,Ningbo Lishe International Airport,29.82670021057129,121.46199798583984,China,Ninbo
6386,JJN,Quanzhou Jinjiang International Airport,24.7964,118.589996,China,Quanzhou
6347,SJW,Shijiazhuang Daguocun International Airport,38.28070068359375,114.6969985961914,China,Shijiazhuang
6390,WUX,Sunan Shuofang International Airport,31.494400024399997,120.429000854,China,Wuxi
6387,TXN,Tunxi International Airport,29.733299255371094,118.25599670410156,China,Huangshan
3353,XCH,Christmas Island Airport,-10.450599670410156,105.69000244140625,Christmas Island,Christmas Island
6315,CCK,Cocos (Keeling) Islands Airport,-12.1883001328,96.8339004517,Cocos (Keeling) Islands,Cocos Keeling Island
2715,CLO,Alfonso Bonilla Aragon International Airport,3.54322,-76.3816,Colombia,Cali
2709,BOG,El Dorado International Airport,4.70159,-74.1469,Colombia,Bogota
2710,BAQ,Ernesto Cortissoz International Airport,10.8896,-74.7808,Colombia,Barranquilla
2745,MDE,Jose Maria Córdova International Airport,6.16454,-75.4231,Colombia,Rio Negro
2714,CTG,Rafael Nuñez International Airport,10.4424,-75.513,Colombia,Cartagena
2728,LET,Alfredo Vásquez Cobo International Airport,-4.19355,-69.9432,Colombia,Leticia
2713,CUC,Camilo Daza International Airport,7.92757,-72.5115,Colombia,Cucuta
2749,ADZ,Gustavo Rojas Pinilla International Airport,12.5836,-81.7112,Colombia,San Andres Island
2748,SMR,Simón Bolívar International Airport,11.1196,-74.2306,Colombia,Santa Marta
912,HAH,Prince Said Ibrahim International Airport,-11.5337,43.2719,Comoros,Moroni
883,BZV,Maya-Maya Airport,-4.251699924468994,15.253000259399414,Congo (Brazzaville),Brazzaville
1038,FBM,Lubumbashi International Airport,-11.5913000107,27.5308990479,Congo (Kinshasa),Lubumashi
1020,FIH,Ndjili International Airport,-4.38575,15.4446,Congo (Kinshasa),Kinshasa
1031,FKI,Bangoka International Airport,0.481638997793,25.3379993439,Congo (Kinshasa),Kisangani
1036,GOM,Goma International Airport,-1.6708099842071533,29.238500595092773,Congo (Kinshasa),Goma
1959,RAR,Rarotonga International Airport,-21.2026996613,-159.805999756,Cook Islands,Avarua
1881,LIR,Daniel Oduber Quiros International Airport,10.5933,-85.544403,Costa Rica,Liberia
1885,SJO,Juan Santamaria International Airport,9.993860244750977,-84.20880126953125,Costa Rica,San Jose
6732,TMU,Tambor Airport,9.73852,-85.013802,Costa Rica,Nicoya
1883,LIO,Limon International Airport,9.95796012878418,-83.02200317382812,Costa Rica,Limon
5848,SYQ,Tobias Bolanos International Airport,9.957050323486328,-84.13980102539062,Costa Rica,San Jose
253,ABJ,Port Bouet Airport,5.261390209197998,-3.9262900352478027,Cote d'Ivoire,Abidjan
1200,DBV,Dubrovnik Airport,42.5614013671875,18.268199920654297,Croatia,Dubrovnik
1206,SPU,Split Airport,43.53889846801758,16.29800033569336,Croatia,Split
1208,ZAG,Zagreb Airport,45.7429008484,16.0687999725,Croatia,Zagreb
1909,HAV,José Martí International Airport,22.989200592041016,-82.40910339355469,Cuba,Havana
1923,VRA,Juan Gualberto Gomez International Airport,23.034400939941406,-81.435302734375,Cuba,Varadero
1910,HOG,Frank Pais International Airport,20.785600662231445,-76.31510162353516,Cuba,Holguin
1197,LCA,Larnaca International Airport,34.875099182128906,33.624900817871094,Cyprus,Larnaca
1198,PFO,Paphos International Airport,34.71799850463867,32.48569869995117,Cyprus,Paphos
5780,ECN,Ercan International Airport,35.154701232910156,33.49610137939453,Cyprus,Nicosia
1587,PRG,Václav Havel Airport Prague,50.1008,14.26,Czech Republic,Prague
1579,KLV,Karlovy Vary International Airport,50.202999114990234,12.914999961853027,Czech Republic,Karlovy Vary
608,BLL,Billund Airport,55.7402992249,9.15178012848,Denmark,Billund
609,CPH,Copenhagen Kastrup Airport,55.617900848389,12.656000137329,Denmark,Copenhagen
4119,JIB,Djibouti-Ambouli Airport,11.547300338745117,43.15950012207031,Djibouti,Djibouti
2876,DCF,Canefield Airport,15.336700439453125,-61.3922004699707,Dominica,Canefield
1764,STI,Cibao International Airport,19.406099319458008,-70.60469818115234,Dominican Republic,Santiago
1762,SDQ,Las Américas International Airport,18.42970085144,-69.668899536133,Dominican Republic,Santo Domingo
1760,PUJ,Punta Cana International Airport,18.567399978599997,-68.36340332030001,Dominican Republic,Punta Cana
1761,POP,Gregorio Luperon International Airport,19.75790023803711,-70.56999969482422,Dominican Republic,Puerto Plata
5811,JBQ,La Isabela International Airport,18.572500228881836,-69.98560333251953,Dominican Republic,La Isabela
1757,BRX,Maria Montez International Airport,18.25149917602539,-71.12039947509766,Dominican Republic,Barahona
5810,AZS,Samaná El Catey International Airport,19.2670001984,-69.7419967651,Dominican Republic,Samana
3310,DIL,Presidente Nicolau Lobato International Airport,-8.54640007019,125.526000977,East Timor,Dili
2673,GYE,José Joaquín de Olmedo International Airport,-2.1574199199699997,-79.88359832760001,Ecuador,Guayaquil
2688,UIO,Mariscal Sucre International Airport,-0.129166666667,-78.3575,Ecuador,Quito
2678,LTX,Cotopaxi International Airport,-0.906833,-78.615799,Ecuador,Latacunga
2683,MEC,Eloy Alfaro International Airport,-0.9460780024528503,-80.67880249023438,Ecuador,Manta
2690,ETR,Santa Rosa International Airport,-3.441986,-79.996957,Ecuador,Santa Rosa
3410,HBE,Borg El Arab International Airport,30.917699813842773,29.696399688720703,Egypt,Alexandria
1128,CAI,Cairo International Airport,30.12190055847168,31.40559959411621,Egypt,Cairo
1130,HRG,Hurghada International Airport,27.178300857543945,33.799400329589844,Egypt,Hurghada
1132,LXR,Luxor International Airport,25.671,32.7066,Egypt,Luxor
4057,SSH,Sharm El Sheikh International Airport,27.9773006439,34.3950004578,Egypt,Sharm El Sheikh
5691,ATZ,Assiut International Airport,27.0464992523,31.0119991302,Egypt,Asyut
7856,DBB,El Alamein International Airport,30.92449951171875,28.46139907836914,Egypt,Dabaa City
5690,AAC,El Arish International Airport,31.073299408,33.8358001709,Egypt,El Arish
4197,RMF,Marsa Alam International Airport,25.557100296,34.5836982727,Egypt,Marsa Alam
7414,GSQ,Shark El Oweinat International Airport,22.5856990814209,28.71660041809082,Egypt,Sharq Al-Owainat
8235,HMB,Sohag International Airport,26.342778,31.742778,Egypt,Sohag
4313,TCP,Taba International Airport,29.587799072299998,34.7780990601,Egypt,Taba
1892,SAL,Monseñor Óscar Arnulfo Romero International Airport,13.4409,-89.055702,El Salvador,San Salvador
890,BSG,Bata Airport,1.9054700136184692,9.805680274963379,Equatorial Guinea,Bata
3967,ASM,Asmara International Airport,15.291899681091309,38.910701751708984,Eritrea,Asmara
3966,ASA,Assab International Airport,13.071800231933594,42.64500045776367,Eritrea,Assab
3968,MSW,Massawa International Airport,15.670000076293945,39.37009811401367,Eritrea,Massawa
415,TLL,Lennart Meri Tallinn Airport,59.41329956049999,24.832799911499997,Estonia,Tallinn-ulemiste International
1107,ADD,Addis Ababa Bole International Airport,8.97789001465,38.799301147499996,Ethiopia,Addis Ababa
7417,JIJ,Wilwal International Airport,9.3325,42.9121,Ethiopia,Jijiga
579,MPN,Mount Pleasant Airport,-51.82279968261719,-58.447200775146484,Falkland Islands,Mount Pleasant
625,FAE,Vagar Airport,62.0635986328125,-7.277219772338867,Faroe Islands,Vagar
1960,NAN,Nadi International Airport,-17.755399703979492,177.4429931640625,Fiji,Nandi
421,HEL,Helsinki Vantaa Airport,60.317199707031,24.963300704956,Finland,Helsinki
1382,CDG,Charles de Gaulle International Airport,49.012798,2.55,France,Paris
1423,BSL,EuroAirport Basel-Mulhouse-Freiburg Airport,47.59,7.5291667,France,Mulhouse
1335,LYS,Lyon Saint-Exupéry Airport,45.725556,5.081111,France,Lyon
1353,MRS,Marseille Provence Airport,43.439271922,5.22142410278,France,Marseille
1354,NCE,Nice-Côte d'Azur Airport,43.6584014893,7.215869903560001,France,Nice
1386,ORY,Paris-Orly Airport,48.7233333,2.3794444,France,Paris
1273,TLS,Toulouse-Blagnac Airport,43.629101,1.36382,France,Toulouse
2774,CAY,Cayenne-Rochambeau Airport,4.819809913639999,-52.360401153599994,French Guiana,Cayenne
4075,PPT,Faa'a International Airport,-17.553699,-149.606995,French Polynesia,Papeete
970,LBV,Libreville Leon M'ba International Airport,0.458600014448,9.412280082699999,Gabon,Libreville
971,MVB,M'Vengue El Hadj Omar Bongo Ondimba International Airport,-1.6561599969863892,13.437999725341797,Gabon,Franceville
1050,BJL,Banjul International Airport,13.338000297546387,-16.65220069885254,Gambia,Banjul
3973,TBS,Tbilisi International Airport,41.6692008972,44.95470047,Georgia,Tbilisi
3971,BUS,Batumi International Airport,41.6102981567,41.5997009277,Georgia,Batumi
340,FRA,Frankfurt am Main Airport,50.033333,8.570556,Germany,Frankfurt
344,CGN,Cologne Bonn Airport,50.8658981323,7.1427397728,Germany,Cologne
345,DUS,Düsseldorf Airport,51.289501,6.76678,Germany,Duesseldorf
342,HAM,Hamburg Airport,53.630401611328,9.9882297515869,Germany,Hamburg
346,MUC,Munich Airport,48.353802,11.7861,Germany,Munich
350,STR,Stuttgart Airport,48.689899444599995,9.22196006775,Germany,Stuttgart
343,THF,Berlin-Tempelhof International Airport,52.472999572753906,13.403900146484375,Germany,Berlin
248,ACC,Kotoka International Airport,5.605189800262451,-0.16678600013256073,Ghana,Accra
1738,GIB,Gibraltar Airport,36.1511993408,-5.3496599197400005,Gibraltar,Gibraltar
1474,CHQ,Chania International Airport,35.531700134277344,24.149700164794922,Greece,Chania
3941,ATH,Eleftherios Venizelos International Airport,37.9364013672,23.9444999695,Greece,Athens
1452,HER,Heraklion International Nikos Kazantzakis Airport,35.3396987915,25.180299758900002,Greece,Heraklion
1486,SKG,Thessaloniki Macedonia International Airport,40.51969909667969,22.97089958190918,Greece,Thessaloniki
1472,RHO,Diagoras Airport,36.405399322509766,28.086200714111328,Greece,Rhodos
1462,KVA,Alexander the Great International Airport,40.913299560546875,24.619199752807617,Greece,Kavala
1460,CFU,Ioannis Kapodistrias International Airport,39.601898193359375,19.911699295043945,Greece,Kerkyra/corfu
1469,MJT,Mytilene International Airport,39.0567016602,26.5983009338,Greece,Mytilini
1488,ZTH,Zakynthos International Airport "Dionysios Solomos",37.7509,20.8843,Greece,Zakynthos
7,UAK,Narsarsuaq Airport,61.1604995728,-45.4259986877,Greenland,Narssarssuaq
2882,GND,Point Salines International Airport,12.004199981689453,-61.78620147705078,Grenada,Point Salines
2881,PTP,Pointe-à-Pitre Le Raizet,16.265301,-61.531799,Guadeloupe,Pointe-a-pitre
2246,GUM,Antonio B. Won Pat International Airport,13.4834003448,144.796005249,Guam,Agana
1767,GUA,La Aurora Airport,14.5833,-90.527496,Guatemala,Guatemala City
4024,FRS,Mundo Maya International Airport,16.913799285899998,-89.86640167239999,Guatemala,Flores
497,ACI,Alderney Airport,49.706104,-2.21472,Guernsey,Alderney
4162,CKY,Conakry International Airport,9.57689,-13.612,Guinea,Conakry
5665,OXB,Osvaldo Vieira International Airport,11.894800186157227,-15.65369987487793,Guinea-Bissau,Bissau
4304,GEO,Cheddi Jagan International Airport,6.498549938201904,-58.25410079956055,Guyana,Georgetown
4306,OGL,Eugene F. Correira International Airport,6.80628,-58.1059,Guyana,Georgetown
4307,KAI,Kaieteur International Airport,5.17275476456,-59.491481781,Guyana,Kaieteur
1895,CAP,Cap Haitien International Airport,19.733,-72.194702,Haiti,Cap Haitien
1897,PAP,Toussaint Louverture International Airport,18.579999923706055,-72.2925033569336,Haiti,Port-au-prince
1774,RTB,Juan Manuel Galvez International Airport,16.316799,-86.523003,Honduras,Roatan
1772,SAP,Ramón Villeda Morales International Airport,15.4526,-87.923599,Honduras,San Pedro Sula
1776,TGU,Toncontín International Airport,14.06089973449707,-87.21720123291016,Honduras,Tegucigalpa
11896,XPL,Coronel Enrique Soto Cano Air Base,14.3824,-87.621201,Honduras,Comayagua
1771,LCE,Goloson International Airport,15.7425,-86.852997,Honduras,La Ceiba
3077,HKG,Hong Kong International Airport,22.308901,113.915001,Hong Kong,Hong Kong
1489,BUD,Budapest Liszt Ferenc International Airport,47.42976,19.261093,Hungary,Budapest
1490,DEB,Debrecen International Airport,47.48889923095703,21.615299224853516,Hungary,Debrecen
16,KEF,Keflavik International Airport,63.985000610352,-22.605600357056,Iceland,Keflavik
3093,DEL,Indira Gandhi International Airport,28.5665,77.103104,India,Delhi
2997,BOM,Chhatrapati Shivaji International Airport,19.0886993408,72.8678970337,India,Mumbai
3105,LKO,Chaudhary Charan Singh International Airport,26.7605991364,80.8892974854,India,Lucknow
3144,MAA,Chennai International Airport,12.990005493164062,80.16929626464844,India,Madras
3136,COK,Cochin International Airport,10.152,76.401901,India,Kochi
3015,NAG,Dr. Babasaheb Ambedkar International Airport,21.092199325561523,79.04720306396484,India,Nagpur
3098,JAI,Jaipur International Airport,26.8242,75.812202,India,Jaipur
3131,BLR,Kempegowda International Airport,13.1979,77.706299,India,Bangalore
6173,GAU,Lokpriya Gopinath Bordoloi International Airport,26.10610008239746,91.58589935302734,India,Guwahati
3143,IXE,Mangalore International Airport,12.9612998962,74.8900985718,India,Mangalore
3043,CCU,Netaji Subhash Chandra Bose International Airport,22.654699325561523,88.44670104980469,India,Kolkata
12087,HYD,Rajiv Gandhi International Airport,17.2313175201,78.4298553467,India,Hyderabad
2994,AMD,Sardar Vallabhbhai Patel International Airport,23.0771999359,72.63469696039999,India,Ahmedabad
3153,TRV,Trivandrum International Airport,8.48211956024,76.9200973511,India,Trivandrum
3040,IXB,Bagdogra Airport,26.68120002746582,88.32859802246094,India,Baghdogra
3042,BBI,Biju Patnaik Airport,20.244400024399997,85.8178024292,India,Bhubaneswar
3063,IXR,Birsa Munda Airport,23.314300537100003,85.3217010498,India,Ranchi
3089,IXC,Chandigarh Airport,30.673500061035156,76.78849792480469,India,Chandigarh
3007,GOI,Dabolim Airport,15.3808002472,73.8313980103,India,Goa
3061,PAT,Lok Nayak Jayaprakash Airport,25.591299057,85.0879974365,India,Patina
3017,PNQ,Pune Airport,18.58209991455078,73.9197006225586,India,Pune
3137,CCJ,Calicut International Airport,11.1367998123,75.95529937740001,India,Calicut
3135,CJB,Coimbatore International Airport,11.029999733,77.0434036255,India,Coimbatore
13725,CNN,Kannur International Airport,11.918614,75.547211,India,Kannur
3002,BHO,Raja Bhoj International Airport,23.2875003815,77.3374023438,India,Bhopal
3081,ATQ,Sri Guru Ram Dass Jee International Airport,31.7096004486,74.7973022461,India,Amritsar
3146,IXZ,Vir Savarkar International Airport,11.641200065612793,92.72969818115234,India,Port Blair
3275,CGK,Soekarno-Hatta International Airport,-6.1255698204,106.65599823,Indonesia,Jakarta
3240,UPG,Hasanuddin International Airport,-5.061629772186279,119.55400085449219,Indonesia,Ujung Pandang
3896,BDO,Husein Sastranegara International Airport,-6.900629997253418,107.57599639892578,Indonesia,Bandung
3928,SUB,Juanda International Airport,-7.3798298835754395,112.78700256347656,Indonesia,Surabaya
9935,KNO,Kualanamu International Airport,3.642222,98.885278,Indonesia,Medan
8401,LOP,Lombok International Airport,-8.757322,116.276675,Indonesia,Praya
3940,DPS,Ngurah Rai (Bali) International Airport,-8.7481698989868,115.16699981689,Indonesia,Denpasar
3901,SRG,Achmad Yani Airport,-6.97273,110.375,Indonesia,Semarang
3250,MDC,Sam Ratulangi Airport,1.5492600202560425,124.9260025024414,Indonesia,Manado
3919,BPN,Sultan Aji Muhamad Sulaiman Airport,-1.26827001572,116.893997192,Indonesia,Balikpapan
3288,BKS,Fatmawati Soekarno Airport,-3.8637,102.338997,Indonesia,Bengkulu
6204,TMC,Tambolaka Airport,-9.40972,119.244003,Indonesia,Waikabubak-Sumba Island
3898,JOG,Adi Sutjipto International Airport,-7.788179874420166,110.43199920654297,Indonesia,Yogyakarta
6224,HLP,Halim Perdanakusuma International Airport,-6.266610145568848,106.89099884033203,Indonesia,Jakarta
3903,BTH,Hang Nadim International Airport,1.12102997303,104.119003296,Indonesia,Batam
3906,TNJ,Raja Haji Fisabilillah International Airport,0.922683000565,104.531997681,Indonesia,Tanjung Pinang
3244,DJJ,Sentani International Airport,-2.5769500733,140.5160064698,Indonesia,Jayapura
4330,IKA,Imam Khomeini International Airport,35.416099548339844,51.152198791503906,Iran,Tehran
4331,MHD,Mashhad International Airport,36.235198974609375,59.64099884033203,Iran,Mashhad
2131,THR,Mehrabad International Airport,35.68920135498047,51.31340026855469,Iran,Teheran
2157,SYZ,Shiraz Shahid Dastghaib International Airport,29.539199829101562,52.58980178833008,Iran,Shiraz
2134,BND,Bandar Abbas International Airport,27.218299865722656,56.37779998779297,Iran,Bandar Abbas
2121,IFN,Esfahan Shahid Beheshti International Airport,32.75080108642578,51.86130142211914,Iran,Esfahan
2109,KIH,Kish International Airport,26.5261993408,53.980201721200004,Iran,Kish Island
11905,PYK,Payam International Airport,35.776100158691,50.826698303223,Iran,Karaj
7546,PGU,Persian Gulf International Airport,27.379601,52.737701,Iran,Khalije Fars
2162,TBZ,Tabriz International Airport,38.1338996887207,46.23500061035156,Iran,Tabriz
2167,ZAH,Zahedan International Airport,29.47570037841797,60.90620040893555,Iran,Zahedan
4130,BGW,Baghdad International Airport,33.262500762900004,44.2346000671,Iraq,Baghdad
3989,EBL,Erbil International Airport,36.23759841918945,43.963199615478516,Iraq,Erbil
7490,NJF,Al Najaf International Airport,31.989853,44.404317,Iraq,Najaf
2234,BSR,Basrah International Airport,30.549100875854492,47.66210174560547,Iraq,Basrah
7548,OSM,Mosul International Airport,36.305801,43.1474,Iraq,Mosul
5952,ISU,Sulaymaniyah International Airport,35.5617485046,45.316738128699996,Iraq,Sulaymaniyah
596,ORK,Cork Airport,51.84130096435547,-8.491109848022461,Ireland,Cork
599,DUB,Dublin Airport,53.421299,-6.27007,Ireland,Dublin
603,SNN,Shannon Airport,52.702,-8.92482,Ireland,Shannon
520,IOM,Isle of Man Airport,54.08330154418945,-4.623889923095703,Isle of Man,Isle Of Man
1590,TLV,Ben Gurion International Airport,32.01139831542969,34.88669967651367,Israel,Tel-aviv
1596,HFA,Haifa International Airport,32.80939865112305,35.04309844970703,Israel,Haifa
1602,VDA,Ovda International Airport,29.94029998779297,34.93579864501953,Israel,Ovda
1555,FCO,Leonardo da Vinci–Fiumicino Airport,41.8002778,12.2388889,Italy,Rome
1553,CIA,Ciampino–G. B. Pastine International Airport,41.7994,12.5949,Italy,Rome
1525,BGY,Il Caravaggio International Airport,45.673901,9.70417,Italy,Bergamo
1524,MXP,Malpensa International Airport,45.6306,8.72811,Italy,Milano
1561,NAP,Naples International Airport,40.886002,14.2908,Italy,Naples
1562,PSA,Pisa International Airport,43.683899,10.3927,Italy,Pisa
1501,BRI,Bari Karol Wojtyła Airport,41.138901,16.760599,Italy,Bari
1538,BLQ,Bologna Guglielmo Marconi Airport,44.5354,11.2887,Italy,Bologna
1519,CAG,Cagliari Elmas Airport,39.251499,9.05428,Italy,Cagliari
1509,CTA,Catania-Fontanarossa Airport,37.466801,15.0664,Italy,Catania
1512,PMO,Falcone–Borsellino Airport,38.175999,13.091,Italy,Palermo
1529,LIN,Milano Linate Airport,45.445099,9.27674,Italy,Milano
1563,FLR,Peretola Airport,43.810001,11.2051,Italy,Florence
1526,TRN,Turin Airport,45.200802,7.64963,Italy,Torino
1551,VCE,Venice Marco Polo Airport,45.505299,12.3519,Italy,Venice
1534,CUF,Cuneo International Airport,44.547001,7.62322,Italy,Cuneo
1546,RMI,Federico Fellini International Airport,44.020302,12.6117,Italy,Rimini
1567,PEG,Perugia San Francesco d'Assisi – Umbria International Airport,43.095901,12.5132,Italy,Perugia
1505,PSR,Pescara International Airport,42.431702,14.1811,Italy,Pescara
1527,ALL,Villanova D'Albenga International Airport,44.050598,8.12743,Italy,Albenga
1779,KIN,Norman Manley International Airport,17.935699462890625,-76.7874984741211,Jamaica,Kingston
1780,MBJ,Sangster International Airport,18.503700256347656,-77.91339874267578,Jamaica,Montego Bay
2359,HND,Tokyo Haneda International Airport,35.552299,139.779999,Japan,Tokyo
2279,NRT,Narita International Airport,35.7647018433,140.386001587,Japan,Tokyo
3942,NGO,Chubu Centrair International Airport,34.8583984375,136.80499267578125,Japan,Nagoya
3992,KIX,Kansai International Airport,34.42729949951172,135.24400329589844,Japan,Osaka
2334,ITM,Osaka International Airport,34.785499572753906,135.43800354003906,Japan,Osaka
2305,FUK,Fukuoka Airport,33.585899353027344,130.4510040283203,Japan,Fukuoka
2326,HIJ,Hiroshima Airport,34.4361000061,132.919006348,Japan,Hiroshima
2307,KOJ,Kagoshima Airport,31.80340003967285,130.718994140625,Japan,Kagoshima
2312,KMJ,Kumamoto Airport,32.83729934692383,130.85499572753906,Japan,Kumamoto
2384,OKA,Naha Airport,26.1958007812,127.646003723,Japan,Okinawa
2287,CTS,New Chitose Airport,42.77519989013672,141.69200134277344,Japan,Sapporo
2347,SDJ,Sendai Airport,38.1397018433,140.917007446,Japan,Sendai
499,JER,Jersey Airport,49.20790100097656,-2.195509910583496,Jersey,Jersey
4382,JON,Johnston Atoll Airport,16.7285995483,-169.533996582,Johnston Atoll,Johnston Island
2170,AMM,Queen Alia International Airport,31.7226009369,35.9931983948,Jordan,Amman
2171,ADJ,Amman-Marka International Airport,31.972700119018555,35.991600036621094,Jordan,Amman
2172,AQJ,Aqaba King Hussein International Airport,29.611600875854492,35.01810073852539,Jordan,Aqaba
2910,TSE,Astana International Airport,51.02220153808594,71.46690368652344,Kazakhstan,Tselinograd
4059,NBO,Jomo Kenyatta International Airport,-1.31923997402,36.9277992249,Kenya,Nairobi
1145,MBA,Mombasa Moi International Airport,-4.034830093383789,39.594200134277344,Kenya,Mombasa
1138,EDL,Eldoret International Airport,0.4044579863548279,35.23889923095703,Kenya,Eldoret
1965,TRW,Bonriki International Airport,1.3816399574279785,173.14700317382812,Kiribati,Tarawa
2252,CXI,Cassidy International Airport,1.9861600399017334,-157.35000610351562,Kiribati,Kiritimati
2176,KWI,Kuwait International Airport,29.226600646972656,47.96889877319336,Kuwait,Kuwait
11948,IKU,Issyk-Kul International Airport,42.58792,76.713046,Kyrgyzstan,Tamchy
2912,FRU,Manas International Airport,43.0612983704,74.4776000977,Kyrgyzstan,Bishkek
3115,LPQ,Luang Phabang International Airport,19.897300720214844,102.16100311279297,Laos,Luang Prabang
3120,VTE,Wattay International Airport,17.988300323500003,102.56300354,Laos,Vientiane
3116,PKZ,Pakse International Airport,15.132100105285645,105.78099822998047,Laos,Pakse
3953,RIX,Riga International Airport,56.92359924316406,23.971099853515625,Latvia,Riga
3952,LPX,Liepāja International Airport,56.51750183105469,21.096900939941406,Latvia,Liepaja
2177,BEY,Beirut Rafic Hariri International Airport,33.820899963378906,35.488399505615234,Lebanon,Beirut
1018,MSU,Moshoeshoe I International Airport,-29.462299346923828,27.552499771118164,Lesotho,Maseru
1063,ROB,Roberts International Airport,6.23379,-10.3623,Liberia,Monrovia
1154,BEN,Benina International Airport,32.096801757799994,20.2695007324,Libya,Benghazi
1157,TIP,Tripoli International Airport,32.6635017395,13.1590003967,Libya,Tripoli
3959,VNO,Vilnius International Airport,54.634102,25.285801,Lithuania,Vilnius
3956,KUN,Kaunas International Airport,54.96390151977539,24.084800720214844,Lithuania,Kaunas
3958,PLQ,Palanga International Airport,55.973201751708984,21.093900680541992,Lithuania,Palanga
3954,SQQ,Šiauliai International Airport,55.89390182495117,23.395000457763672,Lithuania,Siauliai
629,LUX,Luxembourg-Findel International Airport,49.6233333,6.2044444,Luxembourg,Luxemburg
3121,MFM,Macau International Airport,22.149599,113.592003,Macau,Macau
1737,SKP,Skopje Alexander the Great Airport,41.961601,21.621401,Macedonia,Skopje
918,TNR,Ivato Airport,-18.7969,47.478802,Madagascar,Antananarivo
5620,WTA,Tambohorano Airport,-17.47610092163086,43.972801208496094,Madagascar,Tambohorano
1013,BLZ,Chileka International Airport,-15.679100036621094,34.9739990234375,Malawi,Blantyre
1016,LLW,Lilongwe International Airport,-13.7894001007,33.78099823,Malawi,Lilongwe
3304,KUL,Kuala Lumpur International Airport,2.745579957962,101.70999908447,Malaysia,Kuala Lumpur
3269,BKI,Kota Kinabalu International Airport,5.9372100830078125,116.0510025024414,Malaysia,Kota Kinabalu
3263,KCH,Kuching International Airport,1.4846999645233154,110.34700012207031,Malaysia,Kuching
3305,LGK,Langkawi International Airport,6.329730033874512,99.72869873046875,Malaysia,Langkawi
3308,PEN,Penang International Airport,5.297140121459961,100.2770004272461,Malaysia,Penang
3303,JHB,Senai International Airport,1.64131,103.669998,Malaysia,Johor Bahru
3408,SZB,Sultan Abdul Aziz Shah International Airport,3.130579948425293,101.54900360107422,Malaysia,Kuala Lumpur
3156,MLE,Malé International Airport,4.191830158233643,73.52909851074219,Maldives,Male
6183,GAN,Gan International Airport,-0.693342,73.155602,Maldives,Gan Island
1044,BKO,Modibo Keita International Airport,12.5335,-7.94994,Mali,Bamako
1606,MLA,Malta International Airport,35.857498,14.4775,Malta,Malta
2249,MAJ,Marshall Islands International Airport,7.064760208129883,171.27200317382812,Marshall Islands,Majuro
2878,FDF,Martinique Aimé Césaire International Airport,14.590999603271484,-61.00320053100586,Martinique,Fort-de-france
1094,NKC,Nouakchott–Oumtounsy International Airport,18.31,-15.9697222,Mauritania,Nouakschott
893,MRU,Sir Seewoosagur Ramgoolam International Airport,-20.430201,57.683601,Mauritius,Plaisance
915,DZA,Dzaoudzi Pamandzi International Airport,-12.804699897766113,45.28110122680664,Mayotte,Dzaoudzi
1796,CJS,Abraham González International Airport,31.63610076904297,-106.42900085449219,Mexico,Ciudad Juarez
1846,TGZ,Angel Albino Corzo International Airport,16.5636005402,-93.02249908450001,Mexico,Tuxtla Gutierrez
1852,CUN,Cancún International Airport,21.036500930800003,-86.8770980835,Mexico,Cancun
1815,BJX,Del Bajío International Airport,20.9935,-101.481003,Mexico,Del Bajio
1804,GDL,Don Miguel Hidalgo Y Costilla International Airport,20.521799087524414,-103.31099700927734,Mexico,Guadalajara
1847,TIJ,General Abelardo L. Rodríguez International Airport,32.541099548339844,-116.97000122070312,Mexico,Tijuana
1854,VER,General Heriberto Jara International Airport,19.1459007263,-96.1873016357,Mexico,Vera Cruz
1807,HMO,General Ignacio P. Garcia International Airport,29.095899581900003,-111.047996521,Mexico,Hermosillo
1783,ACA,General Juan N Alvarez International Airport,16.757099151611328,-99.75399780273438,Mexico,Acapulco
1825,MTY,General Mariano Escobedo International Airport,25.7784996033,-100.107002258,Mexico,Monterrey
1831,PBC,Hermanos Serdán International Airport,19.1581001282,-98.3713989258,Mexico,Puebla
1850,TLC,Licenciado Adolfo Lopez Mateos International Airport,19.3370990753,-99.56600189210002,Mexico,Toluca
1824,MEX,Licenciado Benito Juarez International Airport,19.4363,-99.072098,Mexico,Mexico City
1836,PVR,Licenciado Gustavo Díaz Ordaz International Airport,20.680099487304688,-105.25399780273438,Mexico,Puerto Vallarta
1840,SJD,Los Cabos International Airport,23.15180015563965,-109.72100067138672,Mexico,San Jose Del Cabo
1816,LAP,Manuel Márquez de León International Airport,24.072700500499998,-110.361999512,Mexico,La Paz
1829,OAX,Xoxocotlán International Airport,16.9999008179,-96.726600647,Mexico,Oaxaca
1838,QRO,Querétaro Intercontinental Airport,20.6173,-100.185997,Mexico,Queretaro
1819,MID,Licenciado Manuel Crescencio Rejon Int Airport,20.937000274699997,-89.657699585,Mexico,Merida
1792,CUL,Bachigualato Federal International Airport,24.7644996643,-107.474998474,Mexico,Culiacan
1786,HUX,Bahías de Huatulco International Airport,15.7753,-96.262604,Mexico,Huatulco
1793,CTM,Chetumal International Airport,18.50469970703125,-88.32679748535156,Mexico,Chetumal
10114,CZA,Chichen Itza International Airport,20.6413002014,-88.4461975098,Mexico,Chichen Itza
1788,ACN,Ciudad Acuña New International Airport,29.332899,-101.098998,Mexico,Ciudad Acuna
1794,CEN,Ciudad Obregón International Airport,27.39259910583496,-109.83300018310547,Mexico,Ciudad Obregon
1789,CME,Ciudad del Carmen International Airport,18.65369987487793,-91.79900360107422,Mexico,Ciudad Del Carmen
1784,NTR,Del Norte International Airport,25.865601,-100.237,Mexico,Monterrey
1803,ESE,Ensenada International Airport,31.7953,-116.602997,Mexico,Ensenada
1821,MLM,General Francisco J. Mujica International Airport,19.849899292,-101.025001526,Mexico,Morelia
1801,DGO,General Guadalupe Victoria International Airport,24.1242008209,-104.527999878,Mexico,Durango
1839,REX,General Lucio Blanco International Airport,26.0089,-98.2285,Mexico,Reynosa
1820,MXL,General Rodolfo Sánchez Taboada International Airport,32.6306,-115.241997,Mexico,Mexicali
1818,MAM,General Servando Canales International Airport,25.7698993683,-97.5252990723,Mexico,Matamoros
1785,AGU,Jesús Terán Paredo International Airport,21.705601,-102.318001,Mexico,Aguascalientes
1817,LTO,Loreto International Airport,25.989200592041016,-111.3479995727539,Mexico,Loreto
1833,PPE,Mar de Cortés International Airport,31.351987,-113.305177,Mexico,Punta Penasco
13334,PQM,Palenque International Airport,17.533153,-92.015484,Mexico,Palenque
1834,PDS,Piedras Negras International Airport,28.627399,-100.535004,Mexico,Piedras Negras
1837,PXM,Puerto Escondido International Airport,15.8769,-97.089103,Mexico,Puerto Escondido
1828,NLD,Quetzalcóatl International Airport,27.4438991547,-99.5705032349,Mexico,Nuevo Laredo
1814,LMM,Valle del Fuerte International Airport,25.6851997375,-109.081001282,Mexico,Los Mochis
2254,TKK,Chuuk International Airport,7.461870193481445,151.84300231933594,Micronesia,Chuuk
2257,KSA,Kosrae International Airport,5.35698,162.957993,Micronesia,Kosrae
2255,PNI,Pohnpei International Airport,6.985099792480469,158.20899963378906,Micronesia,Pohnpei
2258,YAP,Yap International Airport,9.49891,138.082993,Micronesia,Yap
2253,MDY,Henderson Field,28.20170021057129,-177.38099670410156,Midway Islands,Midway
1735,KIV,Chişinău International Airport,46.92770004272461,28.930999755859375,Moldova,Chisinau
1734,BZY,Bălți International Airport,47.843056,27.777222,Moldova,Saltsy
3380,ULN,Chinggis Khaan International Airport,47.843102,106.766998,Mongolia,Ulan Bator
1741,TGD,Podgorica Airport,42.359402,19.2519,Montenegro,Podgorica
4146,MNI,John A. Osborne Airport,16.791400909423828,-62.19329833984375,Montserrat,Geralds
1074,CMN,Mohammed V International Airport,33.36750030517578,-7.589970111846924,Morocco,Casablanca
1064,AGA,Al Massira Airport,30.325000762939453,-9.413069725036621,Morocco,Agadir
1080,TNG,Ibn Batouta Airport,35.726898193400004,-5.91689014435,Morocco,Tanger
1075,RAK,Menara Airport,31.606899261499997,-8.03629970551,Morocco,Marrakech
1072,RBA,Rabat-Salé Airport,34.051498,-6.75152,Morocco,Rabat
1066,FEZ,Saïss Airport,33.9272994995,-4.977960109709999,Morocco,Fes
974,BEW,Beira Airport,-19.79640007019043,34.90760040283203,Mozambique,Beira
979,MPM,Maputo Airport,-25.920799,32.572601,Mozambique,Maputo
6787,KMV,Kalay Airport,23.188800811767578,94.05110168457031,Myanmar,Kalemyo
4105,WDH,Hosea Kutako International Airport,-22.4799,17.4709,Namibia,Windhoek
4076,INU,Nauru International Airport,-0.547458,166.919006,Nauru,Nauru
3125,KTM,Tribhuvan International Airport,27.6966,85.3591,Nepal,Kathmandu
580,AMS,Amsterdam Airport Schiphol,52.308601,4.76389,Netherlands,Amsterdam
585,EIN,Eindhoven Airport,51.4500999451,5.37452983856,Netherlands,Eindhoven
591,RTM,Rotterdam The Hague Airport,51.956902,4.43722,Netherlands,Rotterdam
2896,BON,Flamingo International Airport,12.130999565124512,-68.26850128173828,Netherlands Antilles,Kralendijk
2897,CUR,Hato International Airport,12.1889,-68.959801,Netherlands Antilles,Willemstad
2899,SXM,Princess Juliana International Airport,18.041000366200002,-63.1088981628,Netherlands Antilles,Philipsburg
2005,NOU,La Tontouta International Airport,-22.01460075378418,166.21299743652344,New Caledonia,Noumea
2006,AKL,Auckland International Airport,-37.008098602299995,174.792007446,New Zealand,Auckland
2009,CHC,Christchurch International Airport,-43.48939895629883,172.53199768066406,New Zealand,Christchurch
2030,ZQN,Queenstown International Airport,-45.0210990906,168.738998413,New Zealand,Queenstown International
2042,WLG,Wellington International Airport,-41.3272018433,174.804992676,New Zealand,Wellington
2015,HLZ,Hamilton International Airport,-37.8666992188,175.332000732,New Zealand,Hamilton
1863,MGA,Augusto C. Sandino (Managua) International Airport,12.141500473022461,-86.16819763183594,Nicaragua,Managua
280,NIM,Diori Hamani International Airport,13.4815,2.18361,Niger,Niamey
282,AJY,Mano Dayak International Airport,16.965999603271484,8.000109672546387,Niger,Agadez
273,LOS,Murtala Muhammed International Airport,6.5773701667785645,3.321160078048706,Nigeria,Lagos
260,ABV,Nnamdi Azikiwe International Airport,9.006790161132812,7.263169765472412,Nigeria,Abuja
275,PHC,Port Harcourt International Airport,5.0154900550842285,6.94959020614624,Nigeria,Port Hartcourt
9826,QUO,Akwa Ibom International Airport,4.8725,8.093,Nigeria,Uyo
9825,ABB,Asaba International Airport,6.204167,6.665278,Nigeria,Asaba
13456,GMO,Gombe Lawanti International Airport,10.298333333299999,10.896388888899999,Nigeria,Gombe
267,ILR,Ilorin International Airport,8.440210342407227,4.493919849395752,Nigeria,Ilorin
271,MIU,Maiduguri International Airport,11.855299949645996,13.080900192260742,Nigeria,Maiduguri
270,KAN,Mallam Aminu International Airport,12.0476,8.52462,Nigeria,Kano
276,SKO,Sadiq Abubakar III International Airport,12.916299819946289,5.207190036773682,Nigeria,Sokoto
13455,BCU,Sir Abubakar Tafawa Balewa International Airport,10.482833,9.744,Nigeria,Bauchi
5884,IUE,Niue International Airport,-19.079030990600586,-169.92559814453125,Niue,Alofi
3359,NLK,Norfolk Island International Airport,-29.04159927368164,167.93899536132812,Norfolk Island,Norfolk Island
3377,FNJ,Pyongyang Sunan International Airport,39.224098,125.669998,North Korea,Pyongyang
10949,WOS,Wonsan Kalma International Airport,39.166801,127.486,North Korea,Wonsan
2243,ROP,Rota International Airport,14.174300193786621,145.2429962158203,Northern Mariana Islands,Rota
2244,SPN,Saipan International Airport,15.119,145.729004,Northern Mariana Islands,Saipan
2247,TIQ,Tinian International Airport,14.999199867248535,145.61900329589844,Northern Mariana Islands,West Tinian
636,BGO,Bergen Airport Flesland,60.29339981,5.218140125,Norway,Bergen
666,SVG,Stavanger Airport Sola,58.876701354,5.6377801895,Norway,Stavanger
665,TRD,Trondheim Airport Værnes,63.4578018,10.9239998,Norway,Trondheim
644,OSL,Oslo Lufthavn,60.121,11.0502,Norway,Oslo
2194,MCT,Muscat International Airport,23.593299865722656,58.284400939941406,Oman,Muscat
13575,DQM,Duqm International Airport,19.501944,57.634167,Oman,Duqm
2207,LHE,Alama Iqbal International Airport,31.5216007232666,74.40360260009766,Pakistan,Lahore
2206,KHI,Jinnah International Airport,24.9065,67.160797,Pakistan,Karachi
13760,ISB,New Islamabad International Airport,33.560713,72.851613,Pakistan,Islamabad
2219,PEW,Peshawar International Airport,33.993900299072266,71.51460266113281,Pakistan,Peshawar
6776,SKT,Sialkot Airport,32.5355567932,74.3638916016,Pakistan,Sialkot
2202,LYP,Faisalabad International Airport,31.364999771118164,72.99479675292969,Pakistan,Faisalabad
2203,GWD,Gwadar International Airport,25.233299255371094,62.329498291015625,Pakistan,Gwadar
2214,MUX,Multan International Airport,30.20319938659668,71.41909790039062,Pakistan,Multan
2221,UET,Quetta International Airport,30.251399993896484,66.93779754638672,Pakistan,Quetta
5951,TUK,Turbat International Airport,25.986400604248047,63.03020095825195,Pakistan,Turbat
2256,ROR,Babelthuap Airport,7.36731,134.544236,Palau,Babelthuap
3969,GZA,Yasser Arafat International Airport,31.24640083313,34.276100158691,Palestine,Gaza
1871,PTY,Tocumen International Airport,9.0713596344,-79.3834991455,Panama,Panama City
1865,BOC,Bocas Del Toro International Airport,9.340849876403809,-82.25080108642578,Panama,Bocas Del Toro
1866,CHX,Cap Manuel Niño International Airport,9.458962,-82.515062,Panama,Changuinola
1867,DAV,Enrique Malek International Airport,8.390999794006348,-82.43499755859375,Panama,David
1869,PAC,Marcos A. Gelabert International Airport,8.973340034484863,-79.55560302734375,Panama,Panama
1868,BLB,Panama Pacific International Airport,8.91479,-79.599602,Panama,Howard
10142,RIH,Scarlett Martinez International Airport,8.375880241394,-80.127899169922,Panama,Rio Hato
5,POM,Port Moresby Jacksons International Airport,-9.443380355834961,147.22000122070312,Papua New Guinea,Port Moresby
6,WWK,Wewak International Airport,-3.58383011818,143.669006348,Papua New Guinea,Wewak
2699,ASU,Silvio Pettirossi International Airport,-25.239999771118164,-57.52000045776367,Paraguay,Asuncion
7353,PJC,Dr Augusto Roberto Fuster International Airport,-22.639999389648438,-55.83000183105469,Paraguay,Pedro Juan Caballero
2703,ESG,Dr. Luis Maria Argaña International Airport,-22.049999237060547,-60.619998931884766,Paraguay,Mariscal Estigarribia
4305,AGT,Guarani International Airport,-25.454516,-54.842682,Paraguay,Ciudad del Este
2812,CUZ,Alejandro Velasco Astete International Airport,-13.535699844400002,-71.9387969971,Peru,Cuzco
2789,LIM,Jorge Chávez International Airport,-12.0219,-77.114305,Peru,Lima
2802,AQP,Rodríguez Ballón International Airport,-16.3411006927,-71.5830993652,Peru,Arequipa
2781,PCL,Cap FAP David Abenzur Rengifo International Airport,-8.37794017791748,-74.57430267333984,Peru,Pucallpa
2804,TRU,Capitan FAP Carlos Martinez De Pinillos International Airport,-8.08141040802002,-79.10880279541016,Peru,Trujillo
2785,CIX,Capitan FAP Jose A Quinones Gonzales International Airport,-6.787479877471924,-79.8281021118164,Peru,Chiclayo
2801,IQT,Coronel FAP Francisco Secada Vignetta International Airport,-3.7847399711608887,-73.30879974365234,Peru,Iquitos
2792,JUL,Inca Manco Capac International Airport,-15.467100143432617,-70.158203125,Peru,Juliaca
2397,MNL,Ninoy Aquino International Airport,14.5086,121.019997,Philippines,Manila
4140,CRK,Diosdado Macapagal International Airport,15.186,120.559998,Philippines,Angeles City
4090,DVO,Francisco Bangoy International Airport,7.1255202293396,125.64600372314453,Philippines,Davao
2429,ILO,Iloilo International Airport,10.833017,122.493358,Philippines,Iloilo
4206,CEB,Mactan Cebu International Airport,10.307499885559,123.97899627686,Philippines,Cebu
14102,CGY,Laguindingan Airport,8.612203,124.456496,Philippines,Cagayan de Oro City
2433,PPS,Puerto Princesa Airport,9.742119789123535,118.75900268554688,Philippines,Puerto Princesa
2402,GES,General Santos International Airport,6.05800008774,125.096000671,Philippines,Romblon
2430,KLO,Kalibo International Airport,11.679400444,122.375999451,Philippines,Kalibo
4202,LAO,Laoag International Airport,18.1781005859375,120.53199768066406,Philippines,Laoag
6009,SFS,Subic Bay International Airport,14.794400215148926,120.27100372314453,Philippines,Olongapo City
2404,ZAM,Zamboanga International Airport,6.922420024871826,122.05999755859375,Philippines,Zamboanga
671,KTW,Katowice International Airport,50.4743,19.08,Poland,Katowice
669,KRK,Kraków John Paul II International Airport,50.077702,19.7848,Poland,Krakow
680,WRO,Copernicus Wrocław Airport,51.1026992798,16.885799408,Poland,Wroclaw
668,GDN,Gdańsk Lech Wałęsa Airport,54.377601623535156,18.46619987487793,Poland,Gdansk
679,WAW,Warsaw Chopin Airport,52.1656990051,20.967100143399996,Poland,Warsaw
1626,FAO,Faro Airport,37.0144004822,-7.96590995789,Portugal,Faro
1636,OPO,Francisco de Sá Carneiro Airport,41.2481002808,-8.68138980865,Portugal,Porto
1638,LIS,Humberto Delgado Airport (Lisbon Portela Airport),38.7813,-9.13592,Portugal,Lisbon
4091,FNC,Madeira Airport,32.697899,-16.7745,Portugal,Funchal
2890,SJU,Luis Munoz Marin International Airport,18.4393997192,-66.0018005371,Puerto Rico,San Juan
11051,DOH,Hamad International Airport,25.273056,51.608056,Qatar,Doha
2241,DIA,Doha International Airport,25.261101,51.565102,Qatar,Doha
916,RUN,Roland Garros Airport,-20.887100219726562,55.51029968261719,Reunion,St.-denis
1652,CLJ,Cluj-Napoca International Airport,46.78519821166992,23.686199188232422,Romania,Cluj-napoca
1657,OTP,Henri Coandă International Airport,44.5711111,26.085,Romania,Bucharest
1647,ARW,Arad International Airport,46.17660140991211,21.261999130249023,Romania,Arad
1650,BBU,Băneasa International Airport,44.50320053100586,26.102100372314453,Romania,Bucharest
1651,CND,Mihail Kogălniceanu International Airport,44.36220169067383,28.488300323486328,Romania,Constanta
1656,OMR,Oradea International Airport,47.025299072265625,21.90250015258789,Romania,Oradea
1658,SBZ,Sibiu International Airport,45.78559875488281,24.091299057006836,Romania,Sibiu
1662,TGM,Transilvania Târgu Mureş International Airport,46.46770095825195,24.412500381469727,Romania,Tirgu Mures
4029,DME,Domodedovo International Airport,55.40879821777344,37.90629959106445,Russia,Moscow
2990,KZN,Kazan International Airport,55.606201171875,49.278701782227,Russia,Kazan
2960,KRR,Krasnodar Pashkovsky International Airport,45.034698486328,39.170501708984,Russia,Krasnodar
2985,SVO,Sheremetyevo International Airport,55.972599,37.4146,Russia,Moscow
2965,AER,Sochi International Airport,43.449902,39.9566,Russia,Sochi
2992,UFA,Ufa International Airport,54.557498931885,55.874401092529,Russia,Ufa
2934,VVO,Vladivostok International Airport,43.39899826049805,132.1479949951172,Russia,Vladivostok
2988,VKO,Vnukovo International Airport,55.5914993286,37.2615013123,Russia,Moscow
2975,SVX,Koltsovo Airport,56.743099212646,60.802700042725,Russia,Yekaterinburg
2962,MRV,Mineralnyye Vody Airport,44.225101470947266,43.08190155029297,Russia,Mineralnye Vody
2948,LED,Pulkovo Airport,59.80030059814453,30.262500762939453,Russia,St. Petersburg
4078,OVB,Tolmachevo Airport,55.012599945068,82.650703430176,Russia,Novosibirsk
4374,KJA,Yemelyanovo Airport,56.172901,92.493301,Russia,Krasnoyarsk
6156,EGO,Belgorod International Airport,50.643798828125,36.5900993347168,Russia,Belgorod
4373,KGP,Kogalym International Airport,62.190399169921875,74.53379821777344,Russia,Kogalym
2993,KUF,Kurumoch International Airport,53.504901885986,50.16429901123,Russia,Samara
2969,MQF,Magnitogorsk International Airport,53.39310073852539,58.755699157714844,Russia,Magnetiogorsk
4274,GOJ,Nizhny Novgorod Strigino International Airport,56.230098724365,43.784000396729,Russia,Nizhniy Novgorod
8661,OSF,Ostafyevo International Airport,55.511667,37.507222,Russia,Moscow
2964,ROV,Platov International Airport,47.493888,39.924722,Russia,Rostov
12919,SBT,Sabetta International Airport,71.219167,72.052222,Russia,Sabetta
2967,VOG,Volgograd International Airport,48.782501220703125,44.34550094604492,Russia,Volgograd
2987,VOZ,Voronezh International Airport,51.81420135498047,39.22959899902344,Russia,Voronezh
6934,ZIA,Zhukovsky International Airport,55.553299,38.150002,Russia,Ramenskoe
1165,KGL,Kigali International Airport,-1.96863,30.1395,Rwanda,Kigali
892,ASI,RAF Ascension Island,-7.9696,-14.3937,Saint Helena,Wide Awake
2891,SKB,Robert L. Bradshaw International Airport,17.311199188232422,-62.71870040893555,Saint Kitts and Nevis,Basse Terre
6079,NEV,Vance W. Amory International Airport,17.205699920654297,-62.589900970458984,Saint Kitts and Nevis,Charlestown
2894,UVF,Hewanorra International Airport,13.7332,-60.952599,Saint Lucia,Hewandorra
1440,MQC,Miquelon Airport,47.095500946,-56.3802986145,Saint Pierre and Miquelon,Miquelon
2907,SVD,Argyle International Airport,13.156695,-61.149945,Saint Vincent and the Grenadines,Kingstown
6082,UNI,Union Island International Airport,12.60013484954834,-61.41194534301758,Saint Vincent and the Grenadines,Union Island
1969,APW,Faleolo International Airport,-13.829999923706055,-172.00799560546875,Samoa,Faleolo
973,TMS,São Tomé International Airport,0.3781749904155731,6.7121500968933105,Sao Tome and Principe,Sao Tome
2072,JED,King Abdulaziz International Airport,21.6796,39.156502,Saudi Arabia,Jeddah
2064,DMM,King Fahd International Airport,26.471200942993164,49.79790115356445,Saudi Arabia,Dammam
2082,RUH,King Khaled International Airport,24.957599639892578,46.69879913330078,Saudi Arabia,Riyadh
2074,MED,Prince Mohammad Bin Abdulaziz Airport,24.5534,39.705101,Saudi Arabia,Madinah
13268,DSS,Blaise Diagne International Airport,14.67,-17.073333,Senegal,Diass
1084,DKR,Léopold Sédar Senghor International Airport,14.739700317382812,-17.49020004272461,Senegal,Dakar
1739,BEG,Belgrade Nikola Tesla Airport,44.8184013367,20.3090991974,Serbia,Belgrade
1742,PRN,Priština International Airport,42.5728,21.035801,Serbia,Pristina
994,SEZ,Seychelles International Airport,-4.67434,55.521801,Seychelles,Mahe
1059,FNA,Lungi International Airport,8.61644,-13.1955,Sierra Leone,Freetown
3316,SIN,Singapore Changi Airport,1.35019,103.994003,Singapore,Singapore
1745,BTS,M. R. Štefánik Airport,48.17020034790039,17.21269989013672,Slovakia,Bratislava
1569,LJU,Ljubljana Jože Pučnik Airport,46.223701,14.4576,Slovenia,Ljubljana
4074,HIR,Honiara International Airport,-9.4280004501343,160.05499267578,Solomon Islands,Honiara
5687,MGQ,Aden Adde International Airport,2.0144400596618652,45.3046989440918,Somalia,Mogadishu
1121,HGA,Egal International Airport,9.518170356750488,44.08879852294922,Somalia,Hargeisa
813,JNB,OR Tambo International Airport,-26.1392,28.246,South Africa,Johannesburg
794,BFN,Bram Fischer International Airport,-29.092699050900002,26.302400589,South Africa,Bloemfontein
797,CPT,Cape Town International Airport,-33.9648017883,18.6016998291,South Africa,Cape Town
799,DUR,King Shaka International Airport,-29.6144444444,31.1197222222,South Africa,Durban
804,GRJ,George Airport,-34.0056,22.378902,South Africa,George
820,HLA,Lanseria Airport,-25.938499450699997,27.9260997772,South Africa,Johannesburg
838,PLZ,Port Elizabeth Airport,-33.9849014282,25.6173000336,South Africa,Port Elizabeth
5606,MBD,Mmabatho International Airport,-25.798400878900004,25.548000335699996,South Africa,Mafeking
844,NTY,Pilanesberg International Airport,-25.333799362199997,27.173400878900004,South Africa,Pilanesberg
845,PTG,Polokwane International Airport,-23.845269,29.458615,South Africa,Potgietersrus
3930,ICN,Incheon International Airport,37.46910095214844,126.45099639892578,South Korea,Seoul
2372,PUS,Gimhae International Airport,35.1795005798,128.93800354,South Korea,Busan
2378,GMP,Gimpo International Airport,37.5583,126.791,South Korea,Seoul
2370,CJU,Jeju International Airport,33.51129913330078,126.49299621582031,South Korea,Cheju
2381,TAE,Daegu Airport,35.896872,128.65531,South Korea,Taegu
4189,MWX,Muan International Airport,34.991406,126.382814,South Korea,Muan
6006,YNY,Yangyang International Airport,38.061298,128.669006,South Korea,Sokcho / Gangneung
1173,JUB,Juba International Airport,4.87201023102,31.6011009216,South Sudan,Juba
1229,MAD,Adolfo Suárez Madrid–Barajas Airport,40.471926,-3.56264,Spain,Madrid
1218,BCN,Barcelona International Airport,41.2971,2.07846,Spain,Barcelona
1212,ALC,Alicante International Airport,38.28219985961914,-0.5581560134887695,Spain,Alicante
1216,BIO,Bilbao Airport,43.30110168457031,-2.9106099605560303,Spain,Bilbao
1051,FUE,Fuerteventura Airport,28.452699661254883,-13.863800048828125,Spain,Fuerteventura
1054,LPA,Gran Canaria Airport,27.931900024414062,-15.38659954071045,Spain,Gran Canaria
1225,IBZ,Ibiza Airport,38.872898101800004,1.3731199502899998,Spain,Ibiza
1055,ACE,Lanzarote Airport,28.945499,-13.6052,Spain,Arrecife
1230,AGP,Málaga Airport,36.67490005493164,-4.499110221862793,Spain,Malaga
3998,PMI,Palma De Mallorca Airport,39.551700592,2.73881006241,Spain,Palma de Mallorca
1253,SVQ,Sevilla Airport,37.417999267578125,-5.8931097984313965,Spain,Sevilla
1057,TFN,Tenerife Norte Airport,28.4827003479,-16.3414993286,Spain,Tenerife
1056,TFS,Tenerife South Airport,28.044500351,-16.5725002289,Spain,Tenerife
1246,VLC,Valencia Airport,39.4893,-0.481625,Spain,Valencia
13829,RMU,Región de Murcia International Airport,37.803,-1.125,Spain,Murcia
3024,CMB,Bandaranaike International Colombo Airport,7.180759906768799,79.88410186767578,Sri Lanka,Colombo
8949,HRI,Mattala Rajapaksa International Airport,6.284467,81.124128,Sri Lanka,Mattala
1175,KRT,Khartoum International Airport,15.589500427246094,32.553199768066406,Sudan,Khartoum
2773,PBM,Johan Adolf Pengel International Airport,5.4528298377999995,-55.1878013611,Suriname,Zandery
7451,\N,Svea Airport,77.8969444,16.725,Svalbard,Sveagruva
13463,SHO,King Mswati III International Airport,-26.358611,31.716944,Swaziland,Manzini
687,GOT,Gothenburg-Landvetter Airport,57.662799835205,12.279800415039,Sweden,Gothenborg
737,ARN,Stockholm-Arlanda Airport,59.651901245117,17.918600082397,Sweden,Stockholm
1665,GVA,Geneva Cointrin International Airport,46.23809814453125,6.108950138092041,Switzerland,Geneva
1678,ZRH,Zürich Airport,47.464699,8.54917,Switzerland,Zurich
2235,ALP,Aleppo International Airport,36.18069839477539,37.22439956665039,Syria,Aleppo
2239,LTK,Bassel Al-Assad International Airport,35.401100158691406,35.948699951171875,Syria,Latakia
2236,DAM,Damascus International Airport,33.4114990234375,36.51559829711914,Syria,Damascus
2276,TPE,Taiwan Taoyuan International Airport,25.0777,121.233002,Taiwan,Taipei
2264,KHH,Kaohsiung International Airport,22.57710075378418,120.3499984741211,Taiwan,Kaohsiung
2268,RMQ,Taichung Ching Chuang Kang Airport,24.264699935913086,120.62100219726562,Taiwan,Taichung
2275,TSA,Taipei Songshan Airport,25.069400787353516,121.552001953125,Taiwan,Taipei
7472,KQT,Qurghonteppa International Airport,37.86640167236328,68.86470031738281,Tajikistan,Kurgan Tyube
1186,ZNZ,Abeid Amani Karume International Airport,-6.22202,39.224899,Tanzania,Zanzibar
1177,DAR,Julius Nyerere International Airport,-6.87811,39.202599,Tanzania,Dar Es Salaam
1180,JRO,Kilimanjaro International Airport,-3.42940998077,37.0745010376,Tanzania,Kilimanjaro
3885,BKK,Suvarnabhumi Airport,13.681099891662598,100.74700164794922,Thailand,Bangkok
3931,CNX,Chiang Mai International Airport,18.766799926799997,98.962600708,Thailand,Chiang Mai
3157,DMK,Don Mueang International Airport,13.9125995636,100.607002258,Thailand,Bangkok
3179,HKT,Phuket International Airport,8.1132,98.316902,Thailand,Phuket
3161,UTP,U-Tapao International Airport,12.679900169372559,101.00499725341797,Thailand,Pattaya
3174,KBV,Krabi Airport,8.09912014008,98.9861984253,Thailand,Krabi
3177,USM,Samui Airport,9.547789573669998,100.06199646,Thailand,Ko Samui
3932,CEI,Chiang Rai International Airport,19.952299118,99.88289642330001,Thailand,Chiang Rai
3181,HDY,Hat Yai International Airport,6.93320989609,100.392997742,Thailand,Hat Yai
298,LFW,Lomé-Tokoin Airport,6.165609836578369,1.2545100450515747,Togo,Lome
1963,TBU,Fua'amotu International Airport,-21.241199493408203,-175.14999389648438,Tonga,Tongatapu
1964,VAV,Vava'u International Airport,-18.58530044555664,-173.96200561523438,Tonga,Vava'u
2902,POS,Piarco International Airport,10.595399856567383,-61.33720016479492,Trinidad and Tobago,Port-of-spain
2901,TAB,Tobago-Crown Point Airport,11.149700164794922,-60.83219909667969,Trinidad and Tobago,Scarborough
293,DJE,Djerba Zarzis International Airport,33.875,10.775500297546387,Tunisia,Djerba
287,TUN,Tunis Carthage International Airport,36.85100173950195,10.22719955444336,Tunisia,Tunis
7447,NBE,Enfidha - Hammamet International Airport,36.075833,10.438611,Tunisia,Enfidha
291,GAE,Gabès Matmata International Airport,33.87689971923828,10.103300094604492,Tunisia,Gabes
290,GAF,Gafsa Ksar International Airport,34.422000885009766,8.822500228881836,Tunisia,Gafsa
286,MIR,Monastir Habib Bourguiba International Airport,35.75809860229492,10.75469970703125,Tunisia,Monastir
295,SFA,Sfax Thyna International Airport,34.71799850463867,10.690999984741211,Tunisia,Sfax
4317,SAW,Sabiha Gökçen International Airport,40.898601532,29.3092002869,Turkey,Istanbul
13696,IST,Istanbul Airport,41.275278,28.751944,Turkey,Istanbul
1706,ADB,Adnan Menderes International Airport,38.2924003601,27.156999588,Turkey,Izmir
1688,AYT,Antalya International Airport,36.898701,30.800501,Turkey,Antalya
1682,ESB,Esenboğa International Airport,40.128101348899996,32.995098114,Turkey,Ankara
1685,ADA,Adana Airport,36.9822006226,35.280399322499996,Turkey,Adana
1701,ISL,Atatürk International Airport,40.976898,28.8146,Turkey,Istanbul
1715,DLM,Dalaman International Airport,36.7131004333,28.7924995422,Turkey,Dalaman
1724,ERZ,Erzurum International Airport,39.9565010071,41.17020034789999,Turkey,Erzurum
1689,GZT,Gaziantep International Airport,36.9472007751,37.4786987305,Turkey,Gaziantep
4315,BJV,Milas Bodrum International Airport,37.25059890749999,27.6643009186,Turkey,Bodrum
5801,ISE,Süleyman Demirel International Airport,37.8554000854,30.368400573699997,Turkey,Isparta
1726,TZX,Trabzon International Airport,40.99509811401367,39.78969955444336,Turkey,Trabzon
2976,ASB,Ashgabat International Airport,37.986801,58.361,Turkmenistan,Ashkhabad
1754,PLS,Providenciales Airport,21.77359962463379,-72.26589965820312,Turks and Caicos Islands,Providenciales
5807,GDT,JAGS McCartney International Airport,21.444499969482422,-71.14230346679688,Turks and Caicos Islands,Cockburn Town
4077,FUN,Funafuti International Airport,-8.525,179.195999,Tuvalu,Funafuti
1187,EBB,Entebbe International Airport,0.042386,32.443501,Uganda,Entebbe
2939,KBP,Boryspil International Airport,50.345001220703125,30.894699096679688,Ukraine,Kiev
2944,IEV,Kiev Zhuliany International Airport,50.40194,30.45194,Ukraine,Kiev
2945,LWO,Lviv International Airport,49.8125,23.956100463867188,Ukraine,Lvov
2947,ODS,Odessa International Airport,46.42679977416992,30.67650032043457,Ukraine,Odessa
6986,CKC,Cherkasy International Airport,49.41559982299805,31.99530029296875,Ukraine,Cherkassy
6107,CWC,Chernivtsi International Airport,48.259300231933594,25.98080062866211,Ukraine,Chernovtsk
6106,IFO,Ivano-Frankivsk International Airport,48.88420104980469,24.686100006103516,Ukraine,Ivano-Frankivsk
6105,HRK,Kharkiv International Airport,49.924800872802734,36.290000915527344,Ukraine,Kharkov
7516,KHE,Kherson International Airport,46.6758,32.506401,Ukraine,Kherson
6104,KWG,Kryvyi Rih International Airport,48.04330062866211,33.209999084472656,Ukraine,Krivoy Rog
6102,VSG,Luhansk International Airport,48.4174003601,39.3740997314,Ukraine,Lugansk
6101,MPW,Mariupol International Airport,47.07609939575195,37.44960021972656,Ukraine,Mariupol International
6990,NLV,Mykolaiv International Airport,47.057899475097656,31.9197998046875,Ukraine,Nikolayev
6108,RWN,Rivne International Airport,50.60710144042969,26.141599655151367,Ukraine,Rivne
2942,SIP,Simferopol International Airport,45.05220031738281,33.975101470947266,Ukraine,Simferopol
6109,UDJ,Uzhhorod International Airport,48.634300231933594,22.263399124145508,Ukraine,Uzhgorod
6103,OZH,Zaporizhzhia International Airport,47.867000579833984,35.31570053100586,Ukraine,Zaporozhye
2188,DXB,Dubai International Airport,25.2527999878,55.3643989563,United Arab Emirates,Dubai
2179,AUH,Abu Dhabi International Airport,24.433000564575195,54.651100158691406,United Arab Emirates,Abu Dhabi
8076,DWC,Al Maktoum International Airport,24.896356,55.161389,United Arab Emirates,Dubai
2191,SHJ,Sharjah International Airport,25.32859992980957,55.5172004699707,United Arab Emirates,Sharjah
5937,AAN,Al Ain International Airport,24.261699676513672,55.60919952392578,United Arab Emirates,Al Ain
2189,FJR,Fujairah International Airport,25.112199783325195,56.32400131225586,United Arab Emirates,Fujeirah
2190,RKT,Ras Al Khaimah International Airport,25.613500595092773,55.93880081176758,United Arab Emirates,Ras Al Khaimah
507,LHR,London Heathrow Airport,51.4706,-0.461941,United Kingdom,London
534,GLA,Glasgow International Airport,55.8718986511,-4.43306016922,United Kingdom,Glasgow
535,EDI,Edinburgh Airport,55.95000076293945,-3.372499942779541,United Kingdom,Edinburgh
502,LGW,London Gatwick Airport,51.148102,-0.190278,United Kingdom,London
548,STN,London Stansted Airport,51.8849983215,0.234999999404,United Kingdom,London
478,MAN,Manchester Airport,53.35369873046875,-2.2749500274658203,United Kingdom,Manchester
465,BFS,Belfast International Airport,54.6575012207,-6.2158298492399995,United Kingdom,Belfast
469,BHX,Birmingham International Airport,52.453899383499994,-1.74802994728,United Kingdom,Birmingham
514,BLK,Blackpool International Airport,53.77170181274414,-3.0286099910736084,United Kingdom,Blackpool
488,CWL,Cardiff International Airport,51.39670181274414,-3.343329906463623,United Kingdom,Cardiff
552,EXT,Exeter International Airport,50.73440170288086,-3.4138898849487305,United Kingdom,Exeter
510,MSE,Kent International Airport,51.342201,1.34611,United Kingdom,Manston
547,NWI,Norwich International Airport,52.6758003235,1.28278005123,United Kingdom,Norwich
3682,ATL,Hartsfield Jackson Atlanta International Airport,33.6367,-84.428101,United States,Atlanta
3797,JFK,John F Kennedy International Airport,40.63980103,-73.77890015,United States,New York
3876,CLT,Charlotte Douglas International Airport,35.2140007019043,-80.94309997558594,United States,Charlotte
3830,ORD,Chicago O'Hare International Airport,41.9786,-87.9048,United States,Chicago
3670,DFW,Dallas Fort Worth International Airport,32.896801,-97.038002,United States,Dallas-Fort Worth
3751,DEN,Denver International Airport,39.861698150635,-104.672996521,United States,Denver
3484,LAX,Los Angeles International Airport,33.94250107,-118.4079971,United States,Los Angeles
3877,LAS,McCarran International Airport,36.08010101,-115.1520004,United States,Las Vegas
3576,MIA,Miami International Airport,25.79319953918457,-80.29060363769531,United States,Miami
3878,MCO,Orlando International Airport,28.429399490356445,-81.30899810791016,United States,Orlando
3462,PHX,Phoenix Sky Harbor International Airport,33.43429946899414,-112.01200103759766,United States,Phoenix
3469,SFO,San Francisco International Airport,37.61899948120117,-122.375,United States,San Francisco
3577,SEA,Seattle Tacoma International Airport,47.449001,-122.308998,United States,Seattle
3550,IAH,George Bush Intercontinental Houston Airport,29.984399795532227,-95.34140014648438,United States,Houston
3673,AUS,Austin Bergstrom International Airport,30.194499969482422,-97.6698989868164,United States,Austin
3849,BWI,Baltimore/Washington International Thurgood Marshall Airport,39.1754,-76.668297,United States,Baltimore
3825,BDL,Bradley International Airport,41.9388999939,-72.68319702149999,United States,Windsor Locks
3820,BUF,Buffalo Niagara International Airport,42.94049835,-78.73220062,United States,Buffalo
3806,CHS,Charleston Air Force Base-International Airport,32.89860153,-80.04049683,United States,Charleston
3747,MDW,Chicago Midway International Airport,41.785999,-87.752403,United States,Chicago
3488,CVG,Cincinnati Northern Kentucky International Airport,39.0488014221,-84.6678009033,United States,Cincinnati
3486,CLE,Cleveland Hopkins International Airport,41.4117012024,-81.8498001099,United States,Cleveland
3728,HNL,Daniel K Inouye International Airport,21.32062,-157.924228,United States,Honolulu
3514,KOA,Ellison Onizuka Kona International At Keahole Airport,19.738783,-156.045603,United States,Kona
3533,FLL,Fort Lauderdale Hollywood International Airport,26.072599,-80.152702,United States,Fort Lauderdale
3448,BOS,General Edward Lawrence Logan International Airport,42.36429977,-71.00520325,United States,Boston
3585,IND,Indianapolis International Airport,39.7173,-86.294403,United States,Indianapolis
3712,JAX,Jacksonville International Airport,30.49410057067871,-81.68789672851562,United States,Jacksonville
3458,MCI,Kansas City International Airport,39.2976,-94.713898,United States,Kansas City
3861,MSY,Louis Armstrong New Orleans International Airport,29.99340057373047,-90.25800323486328,United States,New Orleans
3473,MEM,Memphis International Airport,35.04240036010742,-89.97669982910156,United States,Memphis
3453,OAK,Metropolitan Oakland International Airport,37.721298,-122.221001,United States,Oakland
3858,MSP,Minneapolis-St Paul International/Wold-Chamberlain Airport,44.882,-93.221802,United States,Minneapolis
3690,BNA,Nashville International Airport,36.1245002746582,-86.6781997680664,United States,Nashville
3494,EWR,Newark Liberty International Airport,40.692501068115234,-74.168701171875,United States,Newark
3611,ORF,Norfolk International Airport,36.89459991455078,-76.20120239257812,United States,Norfolk
3748,SJC,Norman Y. Mineta San Jose International Airport,37.362598,-121.929001,United States,San Jose
3734,ONT,Ontario International Airport,34.055999755859375,-117.60099792480469,United States,Ontario
3722,PBI,Palm Beach International Airport,26.68320083618164,-80.09559631347656,United States,West Palm Beach
3839,PSP,Palm Springs International Airport,33.8297004699707,-116.50700378417969,United States,Palm Springs
3752,PHL,Philadelphia International Airport,39.87189865112305,-75.24109649658203,United States,Philadelphia
3570,PIT,Pittsburgh International Airport,40.49150085,-80.23290253,United States,Pittsburgh
3720,PDX,Portland International Airport,45.58869934,-122.5979996,United States,Portland
3862,PWM,Portland International Jetport Airport,43.64619827,-70.30930328,United States,Portland
3626,RDU,Raleigh Durham International Airport,35.877601623535156,-78.7874984741211,United States,Raleigh-durham
3807,RNO,Reno Tahoe International Airport,39.49909973144531,-119.76799774169922,United States,Reno
3608,RIC,Richmond International Airport,37.50519943237305,-77.3197021484375,United States,Richmond
3817,SMF,Sacramento International Airport,38.69540023803711,-121.59100341796875,United States,Sacramento
3536,SLC,Salt Lake City International Airport,40.78839874267578,-111.97799682617188,United States,Salt Lake City
3621,SAT,San Antonio International Airport,29.533700942993164,-98.46980285644531,United States,San Antonio
3731,SAN,San Diego International Airport,32.7336006165,-117.190002441,United States,San Diego
4067,SRQ,Sarasota Bradenton International Airport,27.39539909362793,-82.55439758300781,United States,Sarasota
3793,RSW,Southwest Florida International Airport,26.53619956970215,-81.75520324707031,United States,Fort Myers
3467,GEG,Spokane International Airport,47.61989974975586,-117.53399658203125,United States,Spokane
3678,STL,St Louis Lambert International Airport,38.748697,-90.370003,United States,St. Louis
3646,TPA,Tampa International Airport,27.975500106811523,-82.533203125,United States,Tampa
3774,ANC,Ted Stevens Anchorage International Airport,61.174400329589844,-149.99600219726562,United States,Anchorage
3636,TUS,Tucson International Airport,32.1161003112793,-110.94100189208984,United States,Tucson
3714,IAD,Washington Dulles International Airport,38.94449997,-77.45580292,United States,Washington
4019,ABQ,Albuquerque International Sunport,35.040199,-106.609001,United States,Albuquerque
4014,SDF,Louisville International Standiford Field,38.1744,-85.736,United States,Louisville
3520,DCA,Ronald Reagan Washington National Airport,38.8521,-77.037697,United States,Washington
3456,OGG,Kahului Airport,20.8986,-156.429993,United States,Kahului
3602,LIH,Lihue Airport,21.97599983215332,-159.33900451660156,United States,Lihue
3641,PVD,Theodore Francis Green State Airport,41.732601,-71.420403,United States,Providence
3645,DTW,Detroit Metropolitan Wayne County Airport,42.212398529052734,-83.35340118408203,United States,Detroit
3867,SNA,John Wayne Airport-Orange County Airport,33.67570114,-117.8679962,United States,Santa Ana
3495,BOI,Boise Air Terminal/Gowen Field,43.5644,-116.223,United States,Boise
3502,DAL,Dallas Love Field,32.847099,-96.851799,United States,Dallas
3454,OMA,Eppley Airfield,41.3032,-95.894096,United States,Omaha
3587,AKC,Akron Fulton International Airport,41.0374984741,-81.4669036865,United States,Akron
3864,ALB,Albany International Airport,42.74829864501953,-73.80169677734375,United States,Albany
3852,AEX,Alexandria International Airport,31.32740020751953,-92.54979705810547,United States,Alexandria
3574,ALI,Alice International Airport,27.740900039699998,-98.02690124510002,United States,Alice
4047,ATW,Appleton International Airport,44.258098602299995,-88.5190963745,United States,Appleton
3523,BYH,Arkansas International Airport,35.9642982483,-89.94400024410001,United States,Blytheville
3524,ACY,Atlantic City International Airport,39.45759963989258,-74.57720184326172,United States,Atlantic City
3653,GRB,Austin Straubel International Airport,44.48509979248047,-88.12960052490234,United States,Green Bay
3463,BGR,Bangor International Airport,44.80739974975586,-68.8281021118164,United States,Bangor
3662,BDE,Baudette International Airport,48.7284011841,-94.612197876,United States,Baudette
3777,BLI,Bellingham International Airport,48.79280090332031,-122.53800201416016,United States,Bellingham
3811,BHM,Birmingham-Shuttlesworth International Airport,33.56290054,-86.75350189,United States,Birmingham
3474,DUG,Bisbee Douglas International Airport,31.4689998627,-109.603996277,United States,Douglas
3738,BRO,Brownsville South Padre Island International Airport,25.90679931640625,-97.4259033203125,United States,Brownsville
3711,BTV,Burlington International Airport,44.471900939899996,-73.15329742429999,United States,Burlington
3709,CXL,Calexico International Airport,32.6694984436,-115.513000488,United States,Calexico
3744,CRP,Corpus Christi International Airport,27.77039909362793,-97.5011978149414,United States,Corpus Christi
3470,CTB,Cut Bank International Airport,48.6083984375,-112.375999451,United States,Cutbank
3950,DAB,Daytona Beach International Airport,29.179899,-81.058098,United States,Daytona Beach
3792,DRT,Del Rio International Airport,29.3742008209,-100.927001953,United States,Del Rio
3729,DSM,Des Moines International Airport,41.534000396728516,-93.66310119628906,United States,Des Moines
3598,DLH,Duluth International Airport,46.8420982361,-92.19360351559999,United States,Duluth
3559,ELP,El Paso International Airport,31.80719948,-106.3779984,United States,El Paso
3832,FAI,Fairbanks International Airport,64.81510162,-147.8560028,United States,Fairbanks
3535,INL,Falls International Airport,48.566200256347656,-93.4030990600586,United States,International Falls
4041,FWA,Fort Wayne International Airport,40.97850037,-85.19509888,United States,Fort Wayne
3723,FTW,Fort Worth Meacham International Airport,32.819801,-97.362396,United States,Fort Worth
3687,FAT,Fresno Yosemite International Airport,36.77619934082031,-119.71800231933594,United States,Fresno
6956,GYY,Gary Chicago International Airport,41.61629867553711,-87.41280364990234,United States,Gary
3717,MKE,General Mitchell International Airport,42.947200775146484,-87.89659881591797,United States,Milwaukee
4046,PIA,General Wayne A. Downing Peoria International Airport,40.664199829100006,-89.6932983398,United States,Peoria
3685,GRR,Gerald R. Ford International Airport,42.88079834,-85.52279663,United States,Grand Rapids
4127,FCA,Glacier Park International Airport,48.31050109863281,-114.25599670410156,United States,Kalispell
3442,GFK,Grand Forks International Airport,47.949299,-97.176102,United States,Grand Forks
3880,GTF,Great Falls International Airport,47.48199844,-111.3710022,United States,Great Falls
3622,ROC,Greater Rochester International Airport,43.118900299072266,-77.67240142822266,United States,Rochester
3450,RME,Griffiss International Airport,43.23379898,-75.40699768,United States,Rome
4038,GPT,Gulfport Biloxi International Airport,30.40730094909668,-89.07009887695312,United States,Gulfport
3542,MDT,Harrisburg International Airport,40.1935005188,-76.7633972168,United States,Harrisburg
4292,FAR,Hector International Airport,46.92070007324219,-96.81580352783203,United States,Fargo
3415,ITO,Hilo International Airport,19.721399307250977,-155.04800415039062,United States,Hilo
3509,HUL,Houlton International Airport,46.1231002808,-67.792098999,United States,Houlton
3580,JAN,Jackson-Medgar Wiley Evers International Airport,32.3111991882,-90.0758972168,United States,Jackson
3627,DAY,James M Cox Dayton International Airport,39.902400970458984,-84.21939849853516,United States,Dayton
3759,CMH,John Glenn Columbus International Airport,39.998001,-82.891899,United States,Columbus
3492,JNU,Juneau International Airport,58.35499954223633,-134.5760040283203,United States,Juneau
4039,AZO,Kalamazoo Battle Creek International Airport,42.234901428222656,-85.5521011352539,United States,Kalamazoo
3808,KTN,Ketchikan International Airport,55.35559845,-131.7140045,United States,Ketchikan
3875,EYW,Key West International Airport,24.556100845336914,-81.75959777832031,United States,Key West
7732,LAL,Lakeland Linder International Airport,27.988899,-82.018602,United States,Lakeland
3691,LRD,Laredo International Airport,27.543800354003906,-99.46160125732422,United States,Laredo
4228,LRU,Las Cruces International Airport,32.289398193359375,-106.9219970703125,United States,Las Cruces
10145,LEE,Leesburg International Airport,28.82309914,-81.80870056,United States,Leesburg
4355,ABE,Lehigh Valley International Airport,40.652099609375,-75.44080352783203,United States,Allentown
3829,LBB,Lubbock Preston Smith International Airport,33.663601,-101.822998,United States,Lubbock
4128,MBS,MBS International Airport,43.532901763916016,-84.07959747314453,United States,Saginaw
3826,MFE,Mc Allen Miller International Airport,26.17580032,-98.23860168,United States,Mcallen
3671,MLB,Melbourne International Airport,28.102800369262695,-80.64530181884766,United States,Melbourne
3652,MAF,Midland International Airport,31.9424991607666,-102.2020034790039,United States,Midland
3498,MOT,Minot International Airport,48.2593994140625,-101.27999877929688,United States,Minot
4216,MSO,Missoula International Airport,46.91630173,-114.0910034,United States,Missoula
3515,MYR,Myrtle Beach International Airport,33.6796989441,-78.9282989502,United States,Myrtle Beach
3633,PHF,Newport News Williamsburg International Airport,37.13190079,-76.49299622,United States,Newport News
3630,IAG,Niagara Falls International Airport,43.1072998046875,-78.94619750976562,United States,Niagara Falls
3788,OLS,Nogales International Airport,31.4177,-110.848,United States,Nogales
7669,ECP,Northwest Florida Beaches International Airport,30.357106,-85.795414,United States,Panama City
8510,OCF,Ocala International Airport - Jim Taylor Field,29.17259979,-82.22419739,United States,Ocala
3724,OGS,Ogdensburg International Airport,44.6819000244,-75.46549987790002,United States,Ogdensburg
3771,PBG,Plattsburgh International Airport,44.650901794433594,-73.46810150146484,United States,Plattsburgh
5763,PSM,Portsmouth International at Pease Airport,43.0778999329,-70.8233032227,United States,Portsmouth
3840,AMA,Rick Husband Amarillo International Airport,35.219398,-101.706001,United States,Amarillo
3674,LCK,Rickenbacker International Airport,39.813801,-82.927803,United States,Columbus
3736,ROW,Roswell International Air Center Airport,33.30160140991211,-104.53099822998047,United States,Roswell
7670,SBD,San Bernardino International Airport,34.0954017639,-117.23500061,United States,San Bernardino
3613,SAV,Savannah Hilton Head International Airport,32.12760162,-81.20210266,United States,Savannah
3675,MQT,Sawyer International Airport,46.353599548300004,-87.395401001,United States,Gwinn
3581,GLS,Scholes International At Galveston Airport,29.265300750732422,-94.86039733886719,United States,Galveston
3659,ISN,Sloulin Field International Airport,48.177898407,-103.641998291,United States,Williston
3617,PIE,St Petersburg Clearwater International Airport,27.91020012,-82.68740082,United States,St. Petersburg
3661,SWF,Stewart International Airport,41.50410079956055,-74.10479736328125,United States,Newburgh
3745,SYR,Syracuse Hancock International Airport,43.11119842529297,-76.1063003540039,United States,Syracuse
3855,TUL,Tulsa International Airport,36.19839859008789,-95.88809967041016,United States,Tulsa
3560,HRL,Valley International Airport,26.228500366210938,-97.65440368652344,United States,Harlingen
3838,ART,Watertown International Airport,43.99190139770508,-76.02169799804688,United States,Watertown
4286,AVP,Wilkes Barre Scranton International Airport,41.338500976599995,-75.72339630130001,United States,Scranton
3845,ILM,Wilmington International Airport,34.270599365234375,-77.90260314941406,United States,Wilmington
3596,YUM,Yuma MCAS/Yuma International Airport,32.65660095,-114.6060028,United States,Yuma
2816,MVD,Carrasco International /General C L Berisso Airport,-34.838402,-56.0308,Uruguay,Montevideo
6777,PDP,Capitan Corbeta CA Curbelo International Airport,-34.855098724365234,-55.09429931640625,Uruguay,Punta del Este
8236,RVY,Presidente General Don Oscar D. Gestido International Airport,-30.974599838256836,-55.476200103759766,Uruguay,Rivera
6149,FEG,Fergana International Airport,40.358798980699994,71.7450027466,Uzbekistan,Fergana
2983,TAS,Tashkent International Airport,41.257900238,69.2811965942,Uzbekistan,Tashkent
1997,VLI,Bauerfield International Airport,-17.699300765991,168.32000732422,Vanuatu,Port-vila
5908,SON,Santo Pekoa International Airport,-15.505000114399998,167.220001221,Vanuatu,Santo
2868,VLN,Arturo Michelena International Airport,10.14973258972168,-67.92839813232422,Venezuela,Valencia
2848,MAR,La Chinita International Airport,10.5582084656,-71.7278594971,Venezuela,Maracaibo
2851,CCS,Simón Bolívar International Airport,10.601194,-66.991222,Venezuela,Caracas
2854,PBL,General Bartolome Salom International Airport,10.480500221252441,-68.072998046875,Venezuela,Puerto Cabello
3196,DAD,Da Nang International Airport,16.043899536132812,108.1989974975586,Vietnam,Danang
3199,HAN,Noi Bai International Airport,21.221200942993164,105.80699920654297,Vietnam,Hanoi
3204,PQC,Phu Quoc International Airport,10.1698,103.9931,Vietnam,Phuquoc
3205,SGN,Tan Son Nhat International Airport,10.8187999725,106.652000427,Vietnam,Ho Chi Minh City
6189,CXR,Cam Ranh Airport,11.998200416564941,109.21900177001953,Vietnam,Nha Trang
6191,VCA,Can Tho International Airport,10.085100174,105.711997986,Vietnam,Can Tho
6188,HPH,Cat Bi International Airport,20.819400787353516,106.7249984741211,Vietnam,Haiphong
4157,VCL,Chu Lai International Airport,15.403300285299999,108.706001282,Vietnam,Chu Lai
2883,STT,Cyril E. King Airport,18.337299346923828,-64.97339630126953,Virgin Islands,St. Thomas
7674,AWK,Wake Island Airfield,19.282100677490234,166.63600158691406,Wake Island,Wake island
1968,WLS,Hihifo Airport,-13.2383003235,-176.199005127,Wallis and Futuna,Wallis
2174,\N,Jerusalem Airport,31.864700317383,35.219200134277,West Bank,Jerusalem
5669,SMW,Smara Airport,26.7318,-11.6847,Western Sahara,Smara
3977,ADE,Aden International Airport,12.829500198364258,45.02880096435547,Yemen,Aden
3979,AAY,Al Ghaidah International Airport,16.191699981689453,52.17499923706055,Yemen,Al Ghaidah Intl
3976,HOD,Hodeidah International Airport,14.753000259399414,42.97629928588867,Yemen,Hodeidah
3974,RIY,Mukalla International Airport,14.662599563598633,49.375,Yemen,Mukalla
3980,SAH,Sana'a International Airport,15.476300239562988,44.21969985961914,Yemen,Sanaa
5954,GXF,Sayun International Airport,15.9660997391,48.78829956049999,Yemen,Sayun Intl
3975,TAI,Ta'izz International Airport,13.6859998703,44.139099121099996,Yemen,Taiz
907,LUN,Kenneth Kaunda International Airport Lusaka,-15.3308000565,28.4526004791,Zambia,Lusaka
910,NLA,Simon Mwansa Kapwepwe International Airport,-12.998100280762,28.66489982605,Zambia,Ndola
1005,HRE,Robert Gabriel Mugabe International Airport,-17.931801,31.0928,Zimbabwe,Harare
1001,BUQ,Joshua Mqabuko Nkomo International Airport,-20.017401,28.617901,Zimbabwe,Bulawayo
1006,KAB,Kariba International Airport,-16.519800186157227,28.885000228881836,Zimbabwe,Kariba
1009,MVZ,Masvingo International Airport,-20.055299758911133,30.859100341796875,Zimbabwe,Masvingo
1004,VFA,Victoria Falls International Airport,-18.09589958190918,25.839000701904297,Zimbabwe,Victoria Falls